[2026-08-29 16:56:29] local.ERROR: The process "'/Applications/MAMP/bin/php/php8.4.17/bin/php' 'artisan' 'queue:work' '--once' '--name=default' '--queue=default' '--backoff=0' '--memory=128' '--sleep=3' '--tries=1'" exceeded the timeout of 60 seconds. {"exception":"[object] (Symfony\\Component\\Process\\Exception\\ProcessTimedOutException(code: 0): The process \"'/Applications/MAMP/bin/php/php8.4.17/bin/php' 'artisan' 'queue:work' '--once' '--name=default' '--queue=default' '--backoff=0' '--memory=128' '--sleep=3' '--tries=1'\" exceeded the timeout of 60 seconds. at /Applications/XAMPP/xamppfiles/htdocs/application/wofins/vendor/symfony/process/Process.php:1225)
[stacktrace]
#0 /Applications/XAMPP/xamppfiles/htdocs/application/wofins/vendor/symfony/process/Process.php(487): Symfony\\Component\\Process\\Process->checkTimeout()
#1 /Applications/XAMPP/xamppfiles/htdocs/application/wofins/vendor/symfony/process/Process.php(268): Symfony\\Component\\Process\\Process->wait()
#2 /Applications/XAMPP/xamppfiles/htdocs/application/wofins/vendor/laravel/framework/src/Illuminate/Queue/Listener.php(180): Symfony\\Component\\Process\\Process->run(Object(Closure))
#3 /Applications/XAMPP/xamppfiles/htdocs/application/wofins/vendor/laravel/framework/src/Illuminate/Queue/Listener.php(91): Illuminate\\Queue\\Listener->runProcess(Object(Symfony\\Component\\Process\\Process), '128')
#4 /Applications/XAMPP/xamppfiles/htdocs/application/wofins/vendor/laravel/framework/src/Illuminate/Queue/Console/ListenCommand.php(74): Illuminate\\Queue\\Listener->listen(NULL, 'default', Object(Illuminate\\Queue\\ListenerOptions))
#5 /Applications/XAMPP/xamppfiles/htdocs/application/wofins/vendor/laravel/framework/src/Illuminate/Container/BoundMethod.php(36): Illuminate\\Queue\\Console\\ListenCommand->handle()
#6 /Applications/XAMPP/xamppfiles/htdocs/application/wofins/vendor/laravel/framework/src/Illuminate/Container/Util.php(43): Illuminate\\Container\\BoundMethod::{closure:Illuminate\\Container\\BoundMethod::call():35}()
#7 /Applications/XAMPP/xamppfiles/htdocs/application/wofins/vendor/laravel/framework/src/Illuminate/Container/BoundMethod.php(96): Illuminate\\Container\\Util::unwrapIfClosure(Object(Closure))
#8 /Applications/XAMPP/xamppfiles/htdocs/application/wofins/vendor/laravel/framework/src/Illuminate/Container/BoundMethod.php(35): Illuminate\\Container\\BoundMethod::callBoundMethod(Object(Illuminate\\Foundation\\Application), Array, Object(Closure))
#9 /Applications/XAMPP/xamppfiles/htdocs/application/wofins/vendor/laravel/framework/src/Illuminate/Container/Container.php(800): Illuminate\\Container\\BoundMethod::call(Object(Illuminate\\Foundation\\Application), Array, Array, NULL)
#10 /Applications/XAMPP/xamppfiles/htdocs/application/wofins/vendor/laravel/framework/src/Illuminate/Console/Command.php(292): Illuminate\\Container\\Container->call(Array)
#11 /Applications/XAMPP/xamppfiles/htdocs/application/wofins/vendor/symfony/console/Command/Command.php(284): Illuminate\\Console\\Command->execute(Object(Symfony\\Component\\Console\\Input\\ArgvInput), Object(Illuminate\\Console\\OutputStyle))
#12 /Applications/XAMPP/xamppfiles/htdocs/application/wofins/vendor/laravel/framework/src/Illuminate/Console/Command.php(261): Symfony\\Component\\Console\\Command\\Command->run(Object(Symfony\\Component\\Console\\Input\\ArgvInput), Object(Illuminate\\Console\\OutputStyle))
#13 /Applications/XAMPP/xamppfiles/htdocs/application/wofins/vendor/symfony/console/Application.php(1144): Illuminate\\Console\\Command->run(Object(Symfony\\Component\\Console\\Input\\ArgvInput), Object(Symfony\\Component\\Console\\Output\\ConsoleOutput))
#14 /Applications/XAMPP/xamppfiles/htdocs/application/wofins/vendor/symfony/console/Application.php(379): Symfony\\Component\\Console\\Application->doRunCommand(Object(Illuminate\\Queue\\Console\\ListenCommand), Object(Symfony\\Component\\Console\\Input\\ArgvInput), Object(Symfony\\Component\\Console\\Output\\ConsoleOutput))
#15 /Applications/XAMPP/xamppfiles/htdocs/application/wofins/vendor/symfony/console/Application.php(218): Symfony\\Component\\Console\\Application->doRun(Object(Symfony\\Component\\Console\\Input\\ArgvInput), Object(Symfony\\Component\\Console\\Output\\ConsoleOutput))
#16 /Applications/XAMPP/xamppfiles/htdocs/application/wofins/vendor/laravel/framework/src/Illuminate/Foundation/Console/Kernel.php(198): Symfony\\Component\\Console\\Application->run(Object(Symfony\\Component\\Console\\Input\\ArgvInput), Object(Symfony\\Component\\Console\\Output\\ConsoleOutput))
#17 /Applications/XAMPP/xamppfiles/htdocs/application/wofins/vendor/laravel/framework/src/Illuminate/Foundation/Application.php(1242): Illuminate\\Foundation\\Console\\Kernel->handle(Object(Symfony\\Component\\Console\\Input\\ArgvInput), Object(Symfony\\Component\\Console\\Output\\ConsoleOutput))
#18 /Applications/XAMPP/xamppfiles/htdocs/application/wofins/artisan(16): Illuminate\\Foundation\\Application->handleCommand(Object(Symfony\\Component\\Console\\Input\\ArgvInput))
#19 {main}
"} 
[2026-08-29 23:15:54] local.ERROR: The process "'/Applications/MAMP/bin/php/php8.4.17/bin/php' 'artisan' 'queue:work' '--once' '--name=default' '--queue=default' '--backoff=0' '--memory=128' '--sleep=3' '--tries=1'" exceeded the timeout of 60 seconds. {"exception":"[object] (Symfony\\Component\\Process\\Exception\\ProcessTimedOutException(code: 0): The process \"'/Applications/MAMP/bin/php/php8.4.17/bin/php' 'artisan' 'queue:work' '--once' '--name=default' '--queue=default' '--backoff=0' '--memory=128' '--sleep=3' '--tries=1'\" exceeded the timeout of 60 seconds. at /Applications/XAMPP/xamppfiles/htdocs/application/wofins/vendor/symfony/process/Process.php:1225)
[stacktrace]
#0 /Applications/XAMPP/xamppfiles/htdocs/application/wofins/vendor/symfony/process/Process.php(487): Symfony\\Component\\Process\\Process->checkTimeout()
#1 /Applications/XAMPP/xamppfiles/htdocs/application/wofins/vendor/symfony/process/Process.php(268): Symfony\\Component\\Process\\Process->wait()
#2 /Applications/XAMPP/xamppfiles/htdocs/application/wofins/vendor/laravel/framework/src/Illuminate/Queue/Listener.php(180): Symfony\\Component\\Process\\Process->run(Object(Closure))
#3 /Applications/XAMPP/xamppfiles/htdocs/application/wofins/vendor/laravel/framework/src/Illuminate/Queue/Listener.php(91): Illuminate\\Queue\\Listener->runProcess(Object(Symfony\\Component\\Process\\Process), '128')
#4 /Applications/XAMPP/xamppfiles/htdocs/application/wofins/vendor/laravel/framework/src/Illuminate/Queue/Console/ListenCommand.php(74): Illuminate\\Queue\\Listener->listen(NULL, 'default', Object(Illuminate\\Queue\\ListenerOptions))
#5 /Applications/XAMPP/xamppfiles/htdocs/application/wofins/vendor/laravel/framework/src/Illuminate/Container/BoundMethod.php(36): Illuminate\\Queue\\Console\\ListenCommand->handle()
#6 /Applications/XAMPP/xamppfiles/htdocs/application/wofins/vendor/laravel/framework/src/Illuminate/Container/Util.php(43): Illuminate\\Container\\BoundMethod::{closure:Illuminate\\Container\\BoundMethod::call():35}()
#7 /Applications/XAMPP/xamppfiles/htdocs/application/wofins/vendor/laravel/framework/src/Illuminate/Container/BoundMethod.php(96): Illuminate\\Container\\Util::unwrapIfClosure(Object(Closure))
#8 /Applications/XAMPP/xamppfiles/htdocs/application/wofins/vendor/laravel/framework/src/Illuminate/Container/BoundMethod.php(35): Illuminate\\Container\\BoundMethod::callBoundMethod(Object(Illuminate\\Foundation\\Application), Array, Object(Closure))
#9 /Applications/XAMPP/xamppfiles/htdocs/application/wofins/vendor/laravel/framework/src/Illuminate/Container/Container.php(800): Illuminate\\Container\\BoundMethod::call(Object(Illuminate\\Foundation\\Application), Array, Array, NULL)
#10 /Applications/XAMPP/xamppfiles/htdocs/application/wofins/vendor/laravel/framework/src/Illuminate/Console/Command.php(292): Illuminate\\Container\\Container->call(Array)
#11 /Applications/XAMPP/xamppfiles/htdocs/application/wofins/vendor/symfony/console/Command/Command.php(284): Illuminate\\Console\\Command->execute(Object(Symfony\\Component\\Console\\Input\\ArgvInput), Object(Illuminate\\Console\\OutputStyle))
#12 /Applications/XAMPP/xamppfiles/htdocs/application/wofins/vendor/laravel/framework/src/Illuminate/Console/Command.php(261): Symfony\\Component\\Console\\Command\\Command->run(Object(Symfony\\Component\\Console\\Input\\ArgvInput), Object(Illuminate\\Console\\OutputStyle))
#13 /Applications/XAMPP/xamppfiles/htdocs/application/wofins/vendor/symfony/console/Application.php(1144): Illuminate\\Console\\Command->run(Object(Symfony\\Component\\Console\\Input\\ArgvInput), Object(Symfony\\Component\\Console\\Output\\ConsoleOutput))
#14 /Applications/XAMPP/xamppfiles/htdocs/application/wofins/vendor/symfony/console/Application.php(379): Symfony\\Component\\Console\\Application->doRunCommand(Object(Illuminate\\Queue\\Console\\ListenCommand), Object(Symfony\\Component\\Console\\Input\\ArgvInput), Object(Symfony\\Component\\Console\\Output\\ConsoleOutput))
#15 /Applications/XAMPP/xamppfiles/htdocs/application/wofins/vendor/symfony/console/Application.php(218): Symfony\\Component\\Console\\Application->doRun(Object(Symfony\\Component\\Console\\Input\\ArgvInput), Object(Symfony\\Component\\Console\\Output\\ConsoleOutput))
#16 /Applications/XAMPP/xamppfiles/htdocs/application/wofins/vendor/laravel/framework/src/Illuminate/Foundation/Console/Kernel.php(198): Symfony\\Component\\Console\\Application->run(Object(Symfony\\Component\\Console\\Input\\ArgvInput), Object(Symfony\\Component\\Console\\Output\\ConsoleOutput))
#17 /Applications/XAMPP/xamppfiles/htdocs/application/wofins/vendor/laravel/framework/src/Illuminate/Foundation/Application.php(1242): Illuminate\\Foundation\\Console\\Kernel->handle(Object(Symfony\\Component\\Console\\Input\\ArgvInput), Object(Symfony\\Component\\Console\\Output\\ConsoleOutput))
#18 /Applications/XAMPP/xamppfiles/htdocs/application/wofins/artisan(16): Illuminate\\Foundation\\Application->handleCommand(Object(Symfony\\Component\\Console\\Input\\ArgvInput))
#19 {main}
"} 
[2026-09-06 16:11:40] local.ERROR: SQLSTATE[HY000] [2002] Connection refused (Connection: mysql, Host: 127.0.0.1, Port: 3306, Database: wofins, SQL: select * from `cache` where `key` in (wofins_cache_illuminate:queue:paused:database:default)) {"exception":"[object] (Illuminate\\Database\\QueryException(code: 2002): SQLSTATE[HY000] [2002] Connection refused (Connection: mysql, Host: 127.0.0.1, Port: 3306, Database: wofins, SQL: select * from `cache` where `key` in (wofins_cache_illuminate:queue:paused:database:default)) at /Applications/XAMPP/xamppfiles/htdocs/application/wofins/vendor/laravel/framework/src/Illuminate/Database/Connection.php:857)
[stacktrace]
#0 /Applications/XAMPP/xamppfiles/htdocs/application/wofins/vendor/laravel/framework/src/Illuminate/Database/Connection.php(1037): Illuminate\\Database\\Connection->runQueryCallback('select * from `...', Array, Object(Closure))
#1 /Applications/XAMPP/xamppfiles/htdocs/application/wofins/vendor/laravel/framework/src/Illuminate/Database/Connection.php(1016): Illuminate\\Database\\Connection->tryAgainIfCausedByLostConnection(Object(Illuminate\\Database\\QueryException), 'select * from `...', Array, Object(Closure))
#2 /Applications/XAMPP/xamppfiles/htdocs/application/wofins/vendor/laravel/framework/src/Illuminate/Database/Connection.php(815): Illuminate\\Database\\Connection->handleQueryException(Object(Illuminate\\Database\\QueryException), 'select * from `...', Array, Object(Closure))
#3 /Applications/XAMPP/xamppfiles/htdocs/application/wofins/vendor/laravel/framework/src/Illuminate/Database/Connection.php(426): Illuminate\\Database\\Connection->run('select * from `...', Array, Object(Closure))
#4 /Applications/XAMPP/xamppfiles/htdocs/application/wofins/vendor/laravel/framework/src/Illuminate/Database/Query/Builder.php(3573): Illuminate\\Database\\Connection->select('select * from `...', Array, true, Array)
#5 /Applications/XAMPP/xamppfiles/htdocs/application/wofins/vendor/laravel/framework/src/Illuminate/Database/Query/Builder.php(3557): Illuminate\\Database\\Query\\Builder->runSelect()
#6 /Applications/XAMPP/xamppfiles/htdocs/application/wofins/vendor/laravel/framework/src/Illuminate/Cache/DatabaseStore.php(142): Illuminate\\Database\\Query\\Builder->get()
#7 /Applications/XAMPP/xamppfiles/htdocs/application/wofins/vendor/laravel/framework/src/Illuminate/Cache/Repository.php(167): Illuminate\\Cache\\DatabaseStore->many(Array)
#8 /Applications/XAMPP/xamppfiles/htdocs/application/wofins/vendor/laravel/framework/src/Illuminate/Queue/QueueManager.php(298): Illuminate\\Cache\\Repository->many(Array)
#9 /Applications/XAMPP/xamppfiles/htdocs/application/wofins/vendor/laravel/framework/src/Illuminate/Queue/Worker.php(489): Illuminate\\Queue\\QueueManager->getPausedQueues('database', Array)
#10 /Applications/XAMPP/xamppfiles/htdocs/application/wofins/vendor/laravel/framework/src/Illuminate/Queue/Worker.php(450): Illuminate\\Queue\\Worker->getPausedQueues('database', Array)
#11 /Applications/XAMPP/xamppfiles/htdocs/application/wofins/vendor/laravel/framework/src/Illuminate/Queue/Worker.php(410): Illuminate\\Queue\\Worker->getNextJob(Object(Illuminate\\Queue\\DatabaseQueue), 'default')
#12 /Applications/XAMPP/xamppfiles/htdocs/application/wofins/vendor/laravel/framework/src/Illuminate/Queue/Console/WorkCommand.php(149): Illuminate\\Queue\\Worker->runNextJob('database', 'default', Object(Illuminate\\Queue\\WorkerOptions))
#13 /Applications/XAMPP/xamppfiles/htdocs/application/wofins/vendor/laravel/framework/src/Illuminate/Queue/Console/WorkCommand.php(132): Illuminate\\Queue\\Console\\WorkCommand->runWorker('database', 'default')
#14 /Applications/XAMPP/xamppfiles/htdocs/application/wofins/vendor/laravel/framework/src/Illuminate/Container/BoundMethod.php(36): Illuminate\\Queue\\Console\\WorkCommand->handle()
#15 /Applications/XAMPP/xamppfiles/htdocs/application/wofins/vendor/laravel/framework/src/Illuminate/Container/Util.php(43): Illuminate\\Container\\BoundMethod::{closure:Illuminate\\Container\\BoundMethod::call():35}()
#16 /Applications/XAMPP/xamppfiles/htdocs/application/wofins/vendor/laravel/framework/src/Illuminate/Container/BoundMethod.php(96): Illuminate\\Container\\Util::unwrapIfClosure(Object(Closure))
#17 /Applications/XAMPP/xamppfiles/htdocs/application/wofins/vendor/laravel/framework/src/Illuminate/Container/BoundMethod.php(35): Illuminate\\Container\\BoundMethod::callBoundMethod(Object(Illuminate\\Foundation\\Application), Array, Object(Closure))
#18 /Applications/XAMPP/xamppfiles/htdocs/application/wofins/vendor/laravel/framework/src/Illuminate/Container/Container.php(800): Illuminate\\Container\\BoundMethod::call(Object(Illuminate\\Foundation\\Application), Array, Array, NULL)
#19 /Applications/XAMPP/xamppfiles/htdocs/application/wofins/vendor/laravel/framework/src/Illuminate/Console/Command.php(292): Illuminate\\Container\\Container->call(Array)
#20 /Applications/XAMPP/xamppfiles/htdocs/application/wofins/vendor/symfony/console/Command/Command.php(284): Illuminate\\Console\\Command->execute(Object(Symfony\\Component\\Console\\Input\\ArgvInput), Object(Illuminate\\Console\\OutputStyle))
#21 /Applications/XAMPP/xamppfiles/htdocs/application/wofins/vendor/laravel/framework/src/Illuminate/Console/Command.php(261): Symfony\\Component\\Console\\Command\\Command->run(Object(Symfony\\Component\\Console\\Input\\ArgvInput), Object(Illuminate\\Console\\OutputStyle))
#22 /Applications/XAMPP/xamppfiles/htdocs/application/wofins/vendor/symfony/console/Application.php(1144): Illuminate\\Console\\Command->run(Object(Symfony\\Component\\Console\\Input\\ArgvInput), Object(Symfony\\Component\\Console\\Output\\ConsoleOutput))
#23 /Applications/XAMPP/xamppfiles/htdocs/application/wofins/vendor/symfony/console/Application.php(379): Symfony\\Component\\Console\\Application->doRunCommand(Object(Illuminate\\Queue\\Console\\WorkCommand), Object(Symfony\\Component\\Console\\Input\\ArgvInput), Object(Symfony\\Component\\Console\\Output\\ConsoleOutput))
#24 /Applications/XAMPP/xamppfiles/htdocs/application/wofins/vendor/symfony/console/Application.php(218): Symfony\\Component\\Console\\Application->doRun(Object(Symfony\\Component\\Console\\Input\\ArgvInput), Object(Symfony\\Component\\Console\\Output\\ConsoleOutput))
#25 /Applications/XAMPP/xamppfiles/htdocs/application/wofins/vendor/laravel/framework/src/Illuminate/Foundation/Console/Kernel.php(198): Symfony\\Component\\Console\\Application->run(Object(Symfony\\Component\\Console\\Input\\ArgvInput), Object(Symfony\\Component\\Console\\Output\\ConsoleOutput))
#26 /Applications/XAMPP/xamppfiles/htdocs/application/wofins/vendor/laravel/framework/src/Illuminate/Foundation/Application.php(1242): Illuminate\\Foundation\\Console\\Kernel->handle(Object(Symfony\\Component\\Console\\Input\\ArgvInput), Object(Symfony\\Component\\Console\\Output\\ConsoleOutput))
#27 /Applications/XAMPP/xamppfiles/htdocs/application/wofins/artisan(16): Illuminate\\Foundation\\Application->handleCommand(Object(Symfony\\Component\\Console\\Input\\ArgvInput))
#28 {main}

[previous exception] [object] (PDOException(code: 2002): SQLSTATE[HY000] [2002] Connection refused at /Applications/XAMPP/xamppfiles/htdocs/application/wofins/vendor/laravel/framework/src/Illuminate/Database/Connectors/Connector.php:67)
[stacktrace]
#0 /Applications/XAMPP/xamppfiles/htdocs/application/wofins/vendor/laravel/framework/src/Illuminate/Database/Connectors/Connector.php(67): PDO::connect('mysql:host=127....', 'root', Object(SensitiveParameterValue), Array)
#1 /Applications/XAMPP/xamppfiles/htdocs/application/wofins/vendor/laravel/framework/src/Illuminate/Database/Connectors/Connector.php(85): Illuminate\\Database\\Connectors\\Connector->createPdoConnection('mysql:host=127....', 'root', Object(SensitiveParameterValue), Array)
#2 /Applications/XAMPP/xamppfiles/htdocs/application/wofins/vendor/laravel/framework/src/Illuminate/Database/Connectors/Connector.php(48): Illuminate\\Database\\Connectors\\Connector->tryAgainIfCausedByLostConnection(Object(PDOException), 'mysql:host=127....', 'root', Object(SensitiveParameterValue), Array)
#3 /Applications/XAMPP/xamppfiles/htdocs/application/wofins/vendor/laravel/framework/src/Illuminate/Database/Connectors/MySqlConnector.php(24): Illuminate\\Database\\Connectors\\Connector->createConnection('mysql:host=127....', Array, Array)
#4 /Applications/XAMPP/xamppfiles/htdocs/application/wofins/vendor/laravel/framework/src/Illuminate/Database/Connectors/ConnectionFactory.php(220): Illuminate\\Database\\Connectors\\MySqlConnector->connect(Array)
#5 [internal function]: Illuminate\\Database\\Connectors\\ConnectionFactory->{closure:Illuminate\\Database\\Connectors\\ConnectionFactory::createPdoResolverWithHosts():213}()
#6 /Applications/XAMPP/xamppfiles/htdocs/application/wofins/vendor/laravel/framework/src/Illuminate/Database/Connection.php(1297): call_user_func(Object(Closure))
#7 /Applications/XAMPP/xamppfiles/htdocs/application/wofins/vendor/laravel/framework/src/Illuminate/Database/Connection.php(1335): Illuminate\\Database\\Connection->getPdo()
#8 /Applications/XAMPP/xamppfiles/htdocs/application/wofins/vendor/laravel/framework/src/Illuminate/Database/Connection.php(542): Illuminate\\Database\\Connection->getReadPdo()
#9 /Applications/XAMPP/xamppfiles/htdocs/application/wofins/vendor/laravel/framework/src/Illuminate/Database/Connection.php(435): Illuminate\\Database\\Connection->getPdoForSelect(true)
#10 /Applications/XAMPP/xamppfiles/htdocs/application/wofins/vendor/laravel/framework/src/Illuminate/Database/Connection.php(846): Illuminate\\Database\\Connection->{closure:Illuminate\\Database\\Connection::select():426}('select * from `...', Array)
#11 /Applications/XAMPP/xamppfiles/htdocs/application/wofins/vendor/laravel/framework/src/Illuminate/Database/Connection.php(1037): Illuminate\\Database\\Connection->runQueryCallback('select * from `...', Array, Object(Closure))
#12 /Applications/XAMPP/xamppfiles/htdocs/application/wofins/vendor/laravel/framework/src/Illuminate/Database/Connection.php(1016): Illuminate\\Database\\Connection->tryAgainIfCausedByLostConnection(Object(Illuminate\\Database\\QueryException), 'select * from `...', Array, Object(Closure))
#13 /Applications/XAMPP/xamppfiles/htdocs/application/wofins/vendor/laravel/framework/src/Illuminate/Database/Connection.php(815): Illuminate\\Database\\Connection->handleQueryException(Object(Illuminate\\Database\\QueryException), 'select * from `...', Array, Object(Closure))
#14 /Applications/XAMPP/xamppfiles/htdocs/application/wofins/vendor/laravel/framework/src/Illuminate/Database/Connection.php(426): Illuminate\\Database\\Connection->run('select * from `...', Array, Object(Closure))
#15 /Applications/XAMPP/xamppfiles/htdocs/application/wofins/vendor/laravel/framework/src/Illuminate/Database/Query/Builder.php(3573): Illuminate\\Database\\Connection->select('select * from `...', Array, true, Array)
#16 /Applications/XAMPP/xamppfiles/htdocs/application/wofins/vendor/laravel/framework/src/Illuminate/Database/Query/Builder.php(3557): Illuminate\\Database\\Query\\Builder->runSelect()
#17 /Applications/XAMPP/xamppfiles/htdocs/application/wofins/vendor/laravel/framework/src/Illuminate/Cache/DatabaseStore.php(142): Illuminate\\Database\\Query\\Builder->get()
#18 /Applications/XAMPP/xamppfiles/htdocs/application/wofins/vendor/laravel/framework/src/Illuminate/Cache/Repository.php(167): Illuminate\\Cache\\DatabaseStore->many(Array)
#19 /Applications/XAMPP/xamppfiles/htdocs/application/wofins/vendor/laravel/framework/src/Illuminate/Queue/QueueManager.php(298): Illuminate\\Cache\\Repository->many(Array)
#20 /Applications/XAMPP/xamppfiles/htdocs/application/wofins/vendor/laravel/framework/src/Illuminate/Queue/Worker.php(489): Illuminate\\Queue\\QueueManager->getPausedQueues('database', Array)
#21 /Applications/XAMPP/xamppfiles/htdocs/application/wofins/vendor/laravel/framework/src/Illuminate/Queue/Worker.php(450): Illuminate\\Queue\\Worker->getPausedQueues('database', Array)
#22 /Applications/XAMPP/xamppfiles/htdocs/application/wofins/vendor/laravel/framework/src/Illuminate/Queue/Worker.php(410): Illuminate\\Queue\\Worker->getNextJob(Object(Illuminate\\Queue\\DatabaseQueue), 'default')
#23 /Applications/XAMPP/xamppfiles/htdocs/application/wofins/vendor/laravel/framework/src/Illuminate/Queue/Console/WorkCommand.php(149): Illuminate\\Queue\\Worker->runNextJob('database', 'default', Object(Illuminate\\Queue\\WorkerOptions))
#24 /Applications/XAMPP/xamppfiles/htdocs/application/wofins/vendor/laravel/framework/src/Illuminate/Queue/Console/WorkCommand.php(132): Illuminate\\Queue\\Console\\WorkCommand->runWorker('database', 'default')
#25 /Applications/XAMPP/xamppfiles/htdocs/application/wofins/vendor/laravel/framework/src/Illuminate/Container/BoundMethod.php(36): Illuminate\\Queue\\Console\\WorkCommand->handle()
#26 /Applications/XAMPP/xamppfiles/htdocs/application/wofins/vendor/laravel/framework/src/Illuminate/Container/Util.php(43): Illuminate\\Container\\BoundMethod::{closure:Illuminate\\Container\\BoundMethod::call():35}()
#27 /Applications/XAMPP/xamppfiles/htdocs/application/wofins/vendor/laravel/framework/src/Illuminate/Container/BoundMethod.php(96): Illuminate\\Container\\Util::unwrapIfClosure(Object(Closure))
#28 /Applications/XAMPP/xamppfiles/htdocs/application/wofins/vendor/laravel/framework/src/Illuminate/Container/BoundMethod.php(35): Illuminate\\Container\\BoundMethod::callBoundMethod(Object(Illuminate\\Foundation\\Application), Array, Object(Closure))
#29 /Applications/XAMPP/xamppfiles/htdocs/application/wofins/vendor/laravel/framework/src/Illuminate/Container/Container.php(800): Illuminate\\Container\\BoundMethod::call(Object(Illuminate\\Foundation\\Application), Array, Array, NULL)
#30 /Applications/XAMPP/xamppfiles/htdocs/application/wofins/vendor/laravel/framework/src/Illuminate/Console/Command.php(292): Illuminate\\Container\\Container->call(Array)
#31 /Applications/XAMPP/xamppfiles/htdocs/application/wofins/vendor/symfony/console/Command/Command.php(284): Illuminate\\Console\\Command->execute(Object(Symfony\\Component\\Console\\Input\\ArgvInput), Object(Illuminate\\Console\\OutputStyle))
#32 /Applications/XAMPP/xamppfiles/htdocs/application/wofins/vendor/laravel/framework/src/Illuminate/Console/Command.php(261): Symfony\\Component\\Console\\Command\\Command->run(Object(Symfony\\Component\\Console\\Input\\ArgvInput), Object(Illuminate\\Console\\OutputStyle))
#33 /Applications/XAMPP/xamppfiles/htdocs/application/wofins/vendor/symfony/console/Application.php(1144): Illuminate\\Console\\Command->run(Object(Symfony\\Component\\Console\\Input\\ArgvInput), Object(Symfony\\Component\\Console\\Output\\ConsoleOutput))
#34 /Applications/XAMPP/xamppfiles/htdocs/application/wofins/vendor/symfony/console/Application.php(379): Symfony\\Component\\Console\\Application->doRunCommand(Object(Illuminate\\Queue\\Console\\WorkCommand), Object(Symfony\\Component\\Console\\Input\\ArgvInput), Object(Symfony\\Component\\Console\\Output\\ConsoleOutput))
#35 /Applications/XAMPP/xamppfiles/htdocs/application/wofins/vendor/symfony/console/Application.php(218): Symfony\\Component\\Console\\Application->doRun(Object(Symfony\\Component\\Console\\Input\\ArgvInput), Object(Symfony\\Component\\Console\\Output\\ConsoleOutput))
#36 /Applications/XAMPP/xamppfiles/htdocs/application/wofins/vendor/laravel/framework/src/Illuminate/Foundation/Console/Kernel.php(198): Symfony\\Component\\Console\\Application->run(Object(Symfony\\Component\\Console\\Input\\ArgvInput), Object(Symfony\\Component\\Console\\Output\\ConsoleOutput))
#37 /Applications/XAMPP/xamppfiles/htdocs/application/wofins/vendor/laravel/framework/src/Illuminate/Foundation/Application.php(1242): Illuminate\\Foundation\\Console\\Kernel->handle(Object(Symfony\\Component\\Console\\Input\\ArgvInput), Object(Symfony\\Component\\Console\\Output\\ConsoleOutput))
#38 /Applications/XAMPP/xamppfiles/htdocs/application/wofins/artisan(16): Illuminate\\Foundation\\Application->handleCommand(Object(Symfony\\Component\\Console\\Input\\ArgvInput))
#39 {main}
"} 
[2026-09-06 16:11:40] local.ERROR: SQLSTATE[HY000] [2002] Connection refused (Connection: mysql, Host: 127.0.0.1, Port: 3306, Database: wofins, SQL: select * from `sessions` where `id` = XkmdWPXe2AYwt1UqkGEcsfcHX7PrNlgU1NGrMlmd limit 1) {"exception":"[object] (Illuminate\\Database\\QueryException(code: 2002): SQLSTATE[HY000] [2002] Connection refused (Connection: mysql, Host: 127.0.0.1, Port: 3306, Database: wofins, SQL: select * from `sessions` where `id` = XkmdWPXe2AYwt1UqkGEcsfcHX7PrNlgU1NGrMlmd limit 1) at /Applications/XAMPP/xamppfiles/htdocs/application/wofins/vendor/laravel/framework/src/Illuminate/Database/Connection.php:857)
[stacktrace]
#0 /Applications/XAMPP/xamppfiles/htdocs/application/wofins/vendor/laravel/framework/src/Illuminate/Database/Connection.php(1037): Illuminate\\Database\\Connection->runQueryCallback('select * from `...', Array, Object(Closure))
#1 /Applications/XAMPP/xamppfiles/htdocs/application/wofins/vendor/laravel/framework/src/Illuminate/Database/Connection.php(1016): Illuminate\\Database\\Connection->tryAgainIfCausedByLostConnection(Object(Illuminate\\Database\\QueryException), 'select * from `...', Array, Object(Closure))
#2 /Applications/XAMPP/xamppfiles/htdocs/application/wofins/vendor/laravel/framework/src/Illuminate/Database/Connection.php(815): Illuminate\\Database\\Connection->handleQueryException(Object(Illuminate\\Database\\QueryException), 'select * from `...', Array, Object(Closure))
#3 /Applications/XAMPP/xamppfiles/htdocs/application/wofins/vendor/laravel/framework/src/Illuminate/Database/Connection.php(426): Illuminate\\Database\\Connection->run('select * from `...', Array, Object(Closure))
#4 /Applications/XAMPP/xamppfiles/htdocs/application/wofins/vendor/laravel/framework/src/Illuminate/Database/Query/Builder.php(3573): Illuminate\\Database\\Connection->select('select * from `...', Array, false, Array)
#5 /Applications/XAMPP/xamppfiles/htdocs/application/wofins/vendor/laravel/framework/src/Illuminate/Database/Query/Builder.php(3557): Illuminate\\Database\\Query\\Builder->runSelect()
#6 /Applications/XAMPP/xamppfiles/htdocs/application/wofins/vendor/laravel/framework/src/Illuminate/Database/Concerns/BuildsQueries.php(366): Illuminate\\Database\\Query\\Builder->get(Array)
#7 /Applications/XAMPP/xamppfiles/htdocs/application/wofins/vendor/laravel/framework/src/Illuminate/Database/Query/Builder.php(3475): Illuminate\\Database\\Query\\Builder->first(Array)
#8 /Applications/XAMPP/xamppfiles/htdocs/application/wofins/vendor/laravel/framework/src/Illuminate/Session/DatabaseSessionHandler.php(96): Illuminate\\Database\\Query\\Builder->find('XkmdWPXe2AYwt1U...')
#9 /Applications/XAMPP/xamppfiles/htdocs/application/wofins/vendor/laravel/framework/src/Illuminate/Session/Store.php(128): Illuminate\\Session\\DatabaseSessionHandler->read('XkmdWPXe2AYwt1U...')
#10 /Applications/XAMPP/xamppfiles/htdocs/application/wofins/vendor/laravel/framework/src/Illuminate/Session/Store.php(116): Illuminate\\Session\\Store->readFromHandler()
#11 /Applications/XAMPP/xamppfiles/htdocs/application/wofins/vendor/laravel/framework/src/Illuminate/Session/Store.php(100): Illuminate\\Session\\Store->loadSession()
#12 /Applications/XAMPP/xamppfiles/htdocs/application/wofins/vendor/laravel/framework/src/Illuminate/Session/Middleware/StartSession.php(146): Illuminate\\Session\\Store->start()
#13 /Applications/XAMPP/xamppfiles/htdocs/application/wofins/vendor/laravel/framework/src/Illuminate/Support/helpers.php(393): Illuminate\\Session\\Middleware\\StartSession->{closure:Illuminate\\Session\\Middleware\\StartSession::startSession():143}(Object(Illuminate\\Session\\Store))
#14 /Applications/XAMPP/xamppfiles/htdocs/application/wofins/vendor/laravel/framework/src/Illuminate/Session/Middleware/StartSession.php(143): tap(Object(Illuminate\\Session\\Store), Object(Closure))
#15 /Applications/XAMPP/xamppfiles/htdocs/application/wofins/vendor/laravel/framework/src/Illuminate/Session/Middleware/StartSession.php(115): Illuminate\\Session\\Middleware\\StartSession->startSession(Object(Illuminate\\Http\\Request), Object(Illuminate\\Session\\Store))
#16 /Applications/XAMPP/xamppfiles/htdocs/application/wofins/vendor/laravel/framework/src/Illuminate/Session/Middleware/StartSession.php(63): Illuminate\\Session\\Middleware\\StartSession->handleStatefulRequest(Object(Illuminate\\Http\\Request), Object(Illuminate\\Session\\Store), Object(Closure))
#17 /Applications/XAMPP/xamppfiles/htdocs/application/wofins/vendor/laravel/framework/src/Illuminate/Pipeline/Pipeline.php(219): Illuminate\\Session\\Middleware\\StartSession->handle(Object(Illuminate\\Http\\Request), Object(Closure))
#18 /Applications/XAMPP/xamppfiles/htdocs/application/wofins/vendor/laravel/framework/src/Illuminate/Cookie/Middleware/AddQueuedCookiesToResponse.php(36): Illuminate\\Pipeline\\Pipeline->{closure:{closure:Illuminate\\Pipeline\\Pipeline::carry():194}:195}(Object(Illuminate\\Http\\Request))
#19 /Applications/XAMPP/xamppfiles/htdocs/application/wofins/vendor/laravel/framework/src/Illuminate/Pipeline/Pipeline.php(219): Illuminate\\Cookie\\Middleware\\AddQueuedCookiesToResponse->handle(Object(Illuminate\\Http\\Request), Object(Closure))
#20 /Applications/XAMPP/xamppfiles/htdocs/application/wofins/vendor/laravel/framework/src/Illuminate/Cookie/Middleware/EncryptCookies.php(74): Illuminate\\Pipeline\\Pipeline->{closure:{closure:Illuminate\\Pipeline\\Pipeline::carry():194}:195}(Object(Illuminate\\Http\\Request))
#21 /Applications/XAMPP/xamppfiles/htdocs/application/wofins/vendor/laravel/framework/src/Illuminate/Pipeline/Pipeline.php(219): Illuminate\\Cookie\\Middleware\\EncryptCookies->handle(Object(Illuminate\\Http\\Request), Object(Closure))
#22 /Applications/XAMPP/xamppfiles/htdocs/application/wofins/vendor/laravel/framework/src/Illuminate/Foundation/Http/Middleware/HandlePrecognitiveRequests.php(40): Illuminate\\Pipeline\\Pipeline->{closure:{closure:Illuminate\\Pipeline\\Pipeline::carry():194}:195}(Object(Illuminate\\Http\\Request))
#23 /Applications/XAMPP/xamppfiles/htdocs/application/wofins/vendor/laravel/framework/src/Illuminate/Pipeline/Pipeline.php(219): Illuminate\\Foundation\\Http\\Middleware\\HandlePrecognitiveRequests->handle(Object(Illuminate\\Http\\Request), Object(Closure))
#24 /Applications/XAMPP/xamppfiles/htdocs/application/wofins/vendor/laravel/framework/src/Illuminate/Pipeline/Pipeline.php(137): Illuminate\\Pipeline\\Pipeline->{closure:{closure:Illuminate\\Pipeline\\Pipeline::carry():194}:195}(Object(Illuminate\\Http\\Request))
#25 /Applications/XAMPP/xamppfiles/htdocs/application/wofins/vendor/laravel/framework/src/Illuminate/Routing/Router.php(821): Illuminate\\Pipeline\\Pipeline->then(Object(Closure))
#26 /Applications/XAMPP/xamppfiles/htdocs/application/wofins/vendor/laravel/framework/src/Illuminate/Routing/Router.php(800): Illuminate\\Routing\\Router->runRouteWithinStack(Object(Illuminate\\Routing\\Route), Object(Illuminate\\Http\\Request))
#27 /Applications/XAMPP/xamppfiles/htdocs/application/wofins/vendor/laravel/framework/src/Illuminate/Routing/Router.php(764): Illuminate\\Routing\\Router->runRoute(Object(Illuminate\\Http\\Request), Object(Illuminate\\Routing\\Route))
#28 /Applications/XAMPP/xamppfiles/htdocs/application/wofins/vendor/laravel/framework/src/Illuminate/Routing/Router.php(753): Illuminate\\Routing\\Router->dispatchToRoute(Object(Illuminate\\Http\\Request))
#29 /Applications/XAMPP/xamppfiles/htdocs/application/wofins/vendor/laravel/framework/src/Illuminate/Foundation/Http/Kernel.php(200): Illuminate\\Routing\\Router->dispatch(Object(Illuminate\\Http\\Request))
#30 /Applications/XAMPP/xamppfiles/htdocs/application/wofins/vendor/laravel/framework/src/Illuminate/Pipeline/Pipeline.php(180): Illuminate\\Foundation\\Http\\Kernel->{closure:Illuminate\\Foundation\\Http\\Kernel::dispatchToRouter():197}(Object(Illuminate\\Http\\Request))
#31 /Applications/XAMPP/xamppfiles/htdocs/application/wofins/vendor/livewire/livewire/src/Features/SupportDisablingBackButtonCache/DisableBackButtonCacheMiddleware.php(19): Illuminate\\Pipeline\\Pipeline->{closure:Illuminate\\Pipeline\\Pipeline::prepareDestination():178}(Object(Illuminate\\Http\\Request))
#32 /Applications/XAMPP/xamppfiles/htdocs/application/wofins/vendor/laravel/framework/src/Illuminate/Pipeline/Pipeline.php(219): Livewire\\Features\\SupportDisablingBackButtonCache\\DisableBackButtonCacheMiddleware->handle(Object(Illuminate\\Http\\Request), Object(Closure))
#33 /Applications/XAMPP/xamppfiles/htdocs/application/wofins/app/Http/Middleware/EnforceHostSeparation.php(22): Illuminate\\Pipeline\\Pipeline->{closure:{closure:Illuminate\\Pipeline\\Pipeline::carry():194}:195}(Object(Illuminate\\Http\\Request))
#34 /Applications/XAMPP/xamppfiles/htdocs/application/wofins/vendor/laravel/framework/src/Illuminate/Pipeline/Pipeline.php(219): App\\Http\\Middleware\\EnforceHostSeparation->handle(Object(Illuminate\\Http\\Request), Object(Closure))
#35 /Applications/XAMPP/xamppfiles/htdocs/application/wofins/vendor/laravel/framework/src/Illuminate/Http/Middleware/HandleCors.php(61): Illuminate\\Pipeline\\Pipeline->{closure:{closure:Illuminate\\Pipeline\\Pipeline::carry():194}:195}(Object(Illuminate\\Http\\Request))
#36 /Applications/XAMPP/xamppfiles/htdocs/application/wofins/vendor/laravel/framework/src/Illuminate/Pipeline/Pipeline.php(219): Illuminate\\Http\\Middleware\\HandleCors->handle(Object(Illuminate\\Http\\Request), Object(Closure))
#37 /Applications/XAMPP/xamppfiles/htdocs/application/wofins/vendor/laravel/framework/src/Illuminate/Pipeline/Pipeline.php(137): Illuminate\\Pipeline\\Pipeline->{closure:{closure:Illuminate\\Pipeline\\Pipeline::carry():194}:195}(Object(Illuminate\\Http\\Request))
#38 /Applications/XAMPP/xamppfiles/htdocs/application/wofins/vendor/laravel/framework/src/Illuminate/Foundation/Http/Kernel.php(175): Illuminate\\Pipeline\\Pipeline->then(Object(Closure))
#39 /Applications/XAMPP/xamppfiles/htdocs/application/wofins/vendor/laravel/framework/src/Illuminate/Foundation/Http/Kernel.php(144): Illuminate\\Foundation\\Http\\Kernel->sendRequestThroughRouter(Object(Illuminate\\Http\\Request))
#40 /Applications/XAMPP/xamppfiles/htdocs/application/wofins/vendor/laravel/framework/src/Illuminate/Foundation/Application.php(1227): Illuminate\\Foundation\\Http\\Kernel->handle(Object(Illuminate\\Http\\Request))
#41 /Applications/XAMPP/xamppfiles/htdocs/application/wofins/public/index.php(20): Illuminate\\Foundation\\Application->handleRequest(Object(Illuminate\\Http\\Request))
#42 /Applications/XAMPP/xamppfiles/htdocs/application/wofins/vendor/laravel/framework/src/Illuminate/Foundation/resources/server.php(23): require_once('/Applications/X...')
#43 {main}

[previous exception] [object] (PDOException(code: 2002): SQLSTATE[HY000] [2002] Connection refused at /Applications/XAMPP/xamppfiles/htdocs/application/wofins/vendor/laravel/framework/src/Illuminate/Database/Connectors/Connector.php:67)
[stacktrace]
#0 /Applications/XAMPP/xamppfiles/htdocs/application/wofins/vendor/laravel/framework/src/Illuminate/Database/Connectors/Connector.php(67): PDO::connect('mysql:host=127....', 'root', Object(SensitiveParameterValue), Array)
#1 /Applications/XAMPP/xamppfiles/htdocs/application/wofins/vendor/laravel/framework/src/Illuminate/Database/Connectors/Connector.php(85): Illuminate\\Database\\Connectors\\Connector->createPdoConnection('mysql:host=127....', 'root', Object(SensitiveParameterValue), Array)
#2 /Applications/XAMPP/xamppfiles/htdocs/application/wofins/vendor/laravel/framework/src/Illuminate/Database/Connectors/Connector.php(48): Illuminate\\Database\\Connectors\\Connector->tryAgainIfCausedByLostConnection(Object(PDOException), 'mysql:host=127....', 'root', Object(SensitiveParameterValue), Array)
#3 /Applications/XAMPP/xamppfiles/htdocs/application/wofins/vendor/laravel/framework/src/Illuminate/Database/Connectors/MySqlConnector.php(24): Illuminate\\Database\\Connectors\\Connector->createConnection('mysql:host=127....', Array, Array)
#4 /Applications/XAMPP/xamppfiles/htdocs/application/wofins/vendor/laravel/framework/src/Illuminate/Database/Connectors/ConnectionFactory.php(220): Illuminate\\Database\\Connectors\\MySqlConnector->connect(Array)
#5 [internal function]: Illuminate\\Database\\Connectors\\ConnectionFactory->{closure:Illuminate\\Database\\Connectors\\ConnectionFactory::createPdoResolverWithHosts():213}()
#6 /Applications/XAMPP/xamppfiles/htdocs/application/wofins/vendor/laravel/framework/src/Illuminate/Database/Connection.php(1297): call_user_func(Object(Closure))
#7 /Applications/XAMPP/xamppfiles/htdocs/application/wofins/vendor/laravel/framework/src/Illuminate/Database/Connection.php(542): Illuminate\\Database\\Connection->getPdo()
#8 /Applications/XAMPP/xamppfiles/htdocs/application/wofins/vendor/laravel/framework/src/Illuminate/Database/Connection.php(435): Illuminate\\Database\\Connection->getPdoForSelect(false)
#9 /Applications/XAMPP/xamppfiles/htdocs/application/wofins/vendor/laravel/framework/src/Illuminate/Database/Connection.php(846): Illuminate\\Database\\Connection->{closure:Illuminate\\Database\\Connection::select():426}('select * from `...', Array)
#10 /Applications/XAMPP/xamppfiles/htdocs/application/wofins/vendor/laravel/framework/src/Illuminate/Database/Connection.php(1037): Illuminate\\Database\\Connection->runQueryCallback('select * from `...', Array, Object(Closure))
#11 /Applications/XAMPP/xamppfiles/htdocs/application/wofins/vendor/laravel/framework/src/Illuminate/Database/Connection.php(1016): Illuminate\\Database\\Connection->tryAgainIfCausedByLostConnection(Object(Illuminate\\Database\\QueryException), 'select * from `...', Array, Object(Closure))
#12 /Applications/XAMPP/xamppfiles/htdocs/application/wofins/vendor/laravel/framework/src/Illuminate/Database/Connection.php(815): Illuminate\\Database\\Connection->handleQueryException(Object(Illuminate\\Database\\QueryException), 'select * from `...', Array, Object(Closure))
#13 /Applications/XAMPP/xamppfiles/htdocs/application/wofins/vendor/laravel/framework/src/Illuminate/Database/Connection.php(426): Illuminate\\Database\\Connection->run('select * from `...', Array, Object(Closure))
#14 /Applications/XAMPP/xamppfiles/htdocs/application/wofins/vendor/laravel/framework/src/Illuminate/Database/Query/Builder.php(3573): Illuminate\\Database\\Connection->select('select * from `...', Array, false, Array)
#15 /Applications/XAMPP/xamppfiles/htdocs/application/wofins/vendor/laravel/framework/src/Illuminate/Database/Query/Builder.php(3557): Illuminate\\Database\\Query\\Builder->runSelect()
#16 /Applications/XAMPP/xamppfiles/htdocs/application/wofins/vendor/laravel/framework/src/Illuminate/Database/Concerns/BuildsQueries.php(366): Illuminate\\Database\\Query\\Builder->get(Array)
#17 /Applications/XAMPP/xamppfiles/htdocs/application/wofins/vendor/laravel/framework/src/Illuminate/Database/Query/Builder.php(3475): Illuminate\\Database\\Query\\Builder->first(Array)
#18 /Applications/XAMPP/xamppfiles/htdocs/application/wofins/vendor/laravel/framework/src/Illuminate/Session/DatabaseSessionHandler.php(96): Illuminate\\Database\\Query\\Builder->find('XkmdWPXe2AYwt1U...')
#19 /Applications/XAMPP/xamppfiles/htdocs/application/wofins/vendor/laravel/framework/src/Illuminate/Session/Store.php(128): Illuminate\\Session\\DatabaseSessionHandler->read('XkmdWPXe2AYwt1U...')
#20 /Applications/XAMPP/xamppfiles/htdocs/application/wofins/vendor/laravel/framework/src/Illuminate/Session/Store.php(116): Illuminate\\Session\\Store->readFromHandler()
#21 /Applications/XAMPP/xamppfiles/htdocs/application/wofins/vendor/laravel/framework/src/Illuminate/Session/Store.php(100): Illuminate\\Session\\Store->loadSession()
#22 /Applications/XAMPP/xamppfiles/htdocs/application/wofins/vendor/laravel/framework/src/Illuminate/Session/Middleware/StartSession.php(146): Illuminate\\Session\\Store->start()
#23 /Applications/XAMPP/xamppfiles/htdocs/application/wofins/vendor/laravel/framework/src/Illuminate/Support/helpers.php(393): Illuminate\\Session\\Middleware\\StartSession->{closure:Illuminate\\Session\\Middleware\\StartSession::startSession():143}(Object(Illuminate\\Session\\Store))
#24 /Applications/XAMPP/xamppfiles/htdocs/application/wofins/vendor/laravel/framework/src/Illuminate/Session/Middleware/StartSession.php(143): tap(Object(Illuminate\\Session\\Store), Object(Closure))
#25 /Applications/XAMPP/xamppfiles/htdocs/application/wofins/vendor/laravel/framework/src/Illuminate/Session/Middleware/StartSession.php(115): Illuminate\\Session\\Middleware\\StartSession->startSession(Object(Illuminate\\Http\\Request), Object(Illuminate\\Session\\Store))
#26 /Applications/XAMPP/xamppfiles/htdocs/application/wofins/vendor/laravel/framework/src/Illuminate/Session/Middleware/StartSession.php(63): Illuminate\\Session\\Middleware\\StartSession->handleStatefulRequest(Object(Illuminate\\Http\\Request), Object(Illuminate\\Session\\Store), Object(Closure))
#27 /Applications/XAMPP/xamppfiles/htdocs/application/wofins/vendor/laravel/framework/src/Illuminate/Pipeline/Pipeline.php(219): Illuminate\\Session\\Middleware\\StartSession->handle(Object(Illuminate\\Http\\Request), Object(Closure))
#28 /Applications/XAMPP/xamppfiles/htdocs/application/wofins/vendor/laravel/framework/src/Illuminate/Cookie/Middleware/AddQueuedCookiesToResponse.php(36): Illuminate\\Pipeline\\Pipeline->{closure:{closure:Illuminate\\Pipeline\\Pipeline::carry():194}:195}(Object(Illuminate\\Http\\Request))
#29 /Applications/XAMPP/xamppfiles/htdocs/application/wofins/vendor/laravel/framework/src/Illuminate/Pipeline/Pipeline.php(219): Illuminate\\Cookie\\Middleware\\AddQueuedCookiesToResponse->handle(Object(Illuminate\\Http\\Request), Object(Closure))
#30 /Applications/XAMPP/xamppfiles/htdocs/application/wofins/vendor/laravel/framework/src/Illuminate/Cookie/Middleware/EncryptCookies.php(74): Illuminate\\Pipeline\\Pipeline->{closure:{closure:Illuminate\\Pipeline\\Pipeline::carry():194}:195}(Object(Illuminate\\Http\\Request))
#31 /Applications/XAMPP/xamppfiles/htdocs/application/wofins/vendor/laravel/framework/src/Illuminate/Pipeline/Pipeline.php(219): Illuminate\\Cookie\\Middleware\\EncryptCookies->handle(Object(Illuminate\\Http\\Request), Object(Closure))
#32 /Applications/XAMPP/xamppfiles/htdocs/application/wofins/vendor/laravel/framework/src/Illuminate/Foundation/Http/Middleware/HandlePrecognitiveRequests.php(40): Illuminate\\Pipeline\\Pipeline->{closure:{closure:Illuminate\\Pipeline\\Pipeline::carry():194}:195}(Object(Illuminate\\Http\\Request))
#33 /Applications/XAMPP/xamppfiles/htdocs/application/wofins/vendor/laravel/framework/src/Illuminate/Pipeline/Pipeline.php(219): Illuminate\\Foundation\\Http\\Middleware\\HandlePrecognitiveRequests->handle(Object(Illuminate\\Http\\Request), Object(Closure))
#34 /Applications/XAMPP/xamppfiles/htdocs/application/wofins/vendor/laravel/framework/src/Illuminate/Pipeline/Pipeline.php(137): Illuminate\\Pipeline\\Pipeline->{closure:{closure:Illuminate\\Pipeline\\Pipeline::carry():194}:195}(Object(Illuminate\\Http\\Request))
#35 /Applications/XAMPP/xamppfiles/htdocs/application/wofins/vendor/laravel/framework/src/Illuminate/Routing/Router.php(821): Illuminate\\Pipeline\\Pipeline->then(Object(Closure))
#36 /Applications/XAMPP/xamppfiles/htdocs/application/wofins/vendor/laravel/framework/src/Illuminate/Routing/Router.php(800): Illuminate\\Routing\\Router->runRouteWithinStack(Object(Illuminate\\Routing\\Route), Object(Illuminate\\Http\\Request))
#37 /Applications/XAMPP/xamppfiles/htdocs/application/wofins/vendor/laravel/framework/src/Illuminate/Routing/Router.php(764): Illuminate\\Routing\\Router->runRoute(Object(Illuminate\\Http\\Request), Object(Illuminate\\Routing\\Route))
#38 /Applications/XAMPP/xamppfiles/htdocs/application/wofins/vendor/laravel/framework/src/Illuminate/Routing/Router.php(753): Illuminate\\Routing\\Router->dispatchToRoute(Object(Illuminate\\Http\\Request))
#39 /Applications/XAMPP/xamppfiles/htdocs/application/wofins/vendor/laravel/framework/src/Illuminate/Foundation/Http/Kernel.php(200): Illuminate\\Routing\\Router->dispatch(Object(Illuminate\\Http\\Request))
#40 /Applications/XAMPP/xamppfiles/htdocs/application/wofins/vendor/laravel/framework/src/Illuminate/Pipeline/Pipeline.php(180): Illuminate\\Foundation\\Http\\Kernel->{closure:Illuminate\\Foundation\\Http\\Kernel::dispatchToRouter():197}(Object(Illuminate\\Http\\Request))
#41 /Applications/XAMPP/xamppfiles/htdocs/application/wofins/vendor/livewire/livewire/src/Features/SupportDisablingBackButtonCache/DisableBackButtonCacheMiddleware.php(19): Illuminate\\Pipeline\\Pipeline->{closure:Illuminate\\Pipeline\\Pipeline::prepareDestination():178}(Object(Illuminate\\Http\\Request))
#42 /Applications/XAMPP/xamppfiles/htdocs/application/wofins/vendor/laravel/framework/src/Illuminate/Pipeline/Pipeline.php(219): Livewire\\Features\\SupportDisablingBackButtonCache\\DisableBackButtonCacheMiddleware->handle(Object(Illuminate\\Http\\Request), Object(Closure))
#43 /Applications/XAMPP/xamppfiles/htdocs/application/wofins/app/Http/Middleware/EnforceHostSeparation.php(22): Illuminate\\Pipeline\\Pipeline->{closure:{closure:Illuminate\\Pipeline\\Pipeline::carry():194}:195}(Object(Illuminate\\Http\\Request))
#44 /Applications/XAMPP/xamppfiles/htdocs/application/wofins/vendor/laravel/framework/src/Illuminate/Pipeline/Pipeline.php(219): App\\Http\\Middleware\\EnforceHostSeparation->handle(Object(Illuminate\\Http\\Request), Object(Closure))
#45 /Applications/XAMPP/xamppfiles/htdocs/application/wofins/vendor/laravel/framework/src/Illuminate/Http/Middleware/HandleCors.php(61): Illuminate\\Pipeline\\Pipeline->{closure:{closure:Illuminate\\Pipeline\\Pipeline::carry():194}:195}(Object(Illuminate\\Http\\Request))
#46 /Applications/XAMPP/xamppfiles/htdocs/application/wofins/vendor/laravel/framework/src/Illuminate/Pipeline/Pipeline.php(219): Illuminate\\Http\\Middleware\\HandleCors->handle(Object(Illuminate\\Http\\Request), Object(Closure))
#47 /Applications/XAMPP/xamppfiles/htdocs/application/wofins/vendor/laravel/framework/src/Illuminate/Pipeline/Pipeline.php(137): Illuminate\\Pipeline\\Pipeline->{closure:{closure:Illuminate\\Pipeline\\Pipeline::carry():194}:195}(Object(Illuminate\\Http\\Request))
#48 /Applications/XAMPP/xamppfiles/htdocs/application/wofins/vendor/laravel/framework/src/Illuminate/Foundation/Http/Kernel.php(175): Illuminate\\Pipeline\\Pipeline->then(Object(Closure))
#49 /Applications/XAMPP/xamppfiles/htdocs/application/wofins/vendor/laravel/framework/src/Illuminate/Foundation/Http/Kernel.php(144): Illuminate\\Foundation\\Http\\Kernel->sendRequestThroughRouter(Object(Illuminate\\Http\\Request))
#50 /Applications/XAMPP/xamppfiles/htdocs/application/wofins/vendor/laravel/framework/src/Illuminate/Foundation/Application.php(1227): Illuminate\\Foundation\\Http\\Kernel->handle(Object(Illuminate\\Http\\Request))
#51 /Applications/XAMPP/xamppfiles/htdocs/application/wofins/public/index.php(20): Illuminate\\Foundation\\Application->handleRequest(Object(Illuminate\\Http\\Request))
#52 /Applications/XAMPP/xamppfiles/htdocs/application/wofins/vendor/laravel/framework/src/Illuminate/Foundation/resources/server.php(23): require_once('/Applications/X...')
#53 {main}
"} 
[2026-09-06 16:11:41] local.ERROR: SQLSTATE[HY000] [2002] Connection refused (Connection: mysql, Host: 127.0.0.1, Port: 3306, Database: wofins, SQL: select * from `sessions` where `id` = VaYKoym5pF4PV7kDkTsSdhQOQccfvCm5of07TmmU limit 1) {"exception":"[object] (Illuminate\\Database\\QueryException(code: 2002): SQLSTATE[HY000] [2002] Connection refused (Connection: mysql, Host: 127.0.0.1, Port: 3306, Database: wofins, SQL: select * from `sessions` where `id` = VaYKoym5pF4PV7kDkTsSdhQOQccfvCm5of07TmmU limit 1) at /Applications/XAMPP/xamppfiles/htdocs/application/wofins/vendor/laravel/framework/src/Illuminate/Database/Connection.php:857)
[stacktrace]
#0 /Applications/XAMPP/xamppfiles/htdocs/application/wofins/vendor/laravel/framework/src/Illuminate/Database/Connection.php(1037): Illuminate\\Database\\Connection->runQueryCallback('select * from `...', Array, Object(Closure))
#1 /Applications/XAMPP/xamppfiles/htdocs/application/wofins/vendor/laravel/framework/src/Illuminate/Database/Connection.php(1016): Illuminate\\Database\\Connection->tryAgainIfCausedByLostConnection(Object(Illuminate\\Database\\QueryException), 'select * from `...', Array, Object(Closure))
#2 /Applications/XAMPP/xamppfiles/htdocs/application/wofins/vendor/laravel/framework/src/Illuminate/Database/Connection.php(815): Illuminate\\Database\\Connection->handleQueryException(Object(Illuminate\\Database\\QueryException), 'select * from `...', Array, Object(Closure))
#3 /Applications/XAMPP/xamppfiles/htdocs/application/wofins/vendor/laravel/framework/src/Illuminate/Database/Connection.php(426): Illuminate\\Database\\Connection->run('select * from `...', Array, Object(Closure))
#4 /Applications/XAMPP/xamppfiles/htdocs/application/wofins/vendor/laravel/framework/src/Illuminate/Database/Query/Builder.php(3573): Illuminate\\Database\\Connection->select('select * from `...', Array, false, Array)
#5 /Applications/XAMPP/xamppfiles/htdocs/application/wofins/vendor/laravel/framework/src/Illuminate/Database/Query/Builder.php(3557): Illuminate\\Database\\Query\\Builder->runSelect()
#6 /Applications/XAMPP/xamppfiles/htdocs/application/wofins/vendor/laravel/framework/src/Illuminate/Database/Concerns/BuildsQueries.php(366): Illuminate\\Database\\Query\\Builder->get(Array)
#7 /Applications/XAMPP/xamppfiles/htdocs/application/wofins/vendor/laravel/framework/src/Illuminate/Database/Query/Builder.php(3475): Illuminate\\Database\\Query\\Builder->first(Array)
#8 /Applications/XAMPP/xamppfiles/htdocs/application/wofins/vendor/laravel/framework/src/Illuminate/Session/DatabaseSessionHandler.php(96): Illuminate\\Database\\Query\\Builder->find('VaYKoym5pF4PV7k...')
#9 /Applications/XAMPP/xamppfiles/htdocs/application/wofins/vendor/laravel/framework/src/Illuminate/Session/Store.php(128): Illuminate\\Session\\DatabaseSessionHandler->read('VaYKoym5pF4PV7k...')
#10 /Applications/XAMPP/xamppfiles/htdocs/application/wofins/vendor/laravel/framework/src/Illuminate/Session/Store.php(116): Illuminate\\Session\\Store->readFromHandler()
#11 /Applications/XAMPP/xamppfiles/htdocs/application/wofins/vendor/laravel/framework/src/Illuminate/Session/Store.php(100): Illuminate\\Session\\Store->loadSession()
#12 /Applications/XAMPP/xamppfiles/htdocs/application/wofins/vendor/laravel/framework/src/Illuminate/Session/Middleware/StartSession.php(146): Illuminate\\Session\\Store->start()
#13 /Applications/XAMPP/xamppfiles/htdocs/application/wofins/vendor/laravel/framework/src/Illuminate/Support/helpers.php(393): Illuminate\\Session\\Middleware\\StartSession->{closure:Illuminate\\Session\\Middleware\\StartSession::startSession():143}(Object(Illuminate\\Session\\Store))
#14 /Applications/XAMPP/xamppfiles/htdocs/application/wofins/vendor/laravel/framework/src/Illuminate/Session/Middleware/StartSession.php(143): tap(Object(Illuminate\\Session\\Store), Object(Closure))
#15 /Applications/XAMPP/xamppfiles/htdocs/application/wofins/vendor/laravel/framework/src/Illuminate/Session/Middleware/StartSession.php(115): Illuminate\\Session\\Middleware\\StartSession->startSession(Object(Illuminate\\Http\\Request), Object(Illuminate\\Session\\Store))
#16 /Applications/XAMPP/xamppfiles/htdocs/application/wofins/vendor/laravel/framework/src/Illuminate/Session/Middleware/StartSession.php(63): Illuminate\\Session\\Middleware\\StartSession->handleStatefulRequest(Object(Illuminate\\Http\\Request), Object(Illuminate\\Session\\Store), Object(Closure))
#17 /Applications/XAMPP/xamppfiles/htdocs/application/wofins/vendor/laravel/framework/src/Illuminate/Pipeline/Pipeline.php(219): Illuminate\\Session\\Middleware\\StartSession->handle(Object(Illuminate\\Http\\Request), Object(Closure))
#18 /Applications/XAMPP/xamppfiles/htdocs/application/wofins/vendor/laravel/framework/src/Illuminate/Cookie/Middleware/AddQueuedCookiesToResponse.php(36): Illuminate\\Pipeline\\Pipeline->{closure:{closure:Illuminate\\Pipeline\\Pipeline::carry():194}:195}(Object(Illuminate\\Http\\Request))
#19 /Applications/XAMPP/xamppfiles/htdocs/application/wofins/vendor/laravel/framework/src/Illuminate/Pipeline/Pipeline.php(219): Illuminate\\Cookie\\Middleware\\AddQueuedCookiesToResponse->handle(Object(Illuminate\\Http\\Request), Object(Closure))
#20 /Applications/XAMPP/xamppfiles/htdocs/application/wofins/vendor/laravel/framework/src/Illuminate/Cookie/Middleware/EncryptCookies.php(74): Illuminate\\Pipeline\\Pipeline->{closure:{closure:Illuminate\\Pipeline\\Pipeline::carry():194}:195}(Object(Illuminate\\Http\\Request))
#21 /Applications/XAMPP/xamppfiles/htdocs/application/wofins/vendor/laravel/framework/src/Illuminate/Pipeline/Pipeline.php(219): Illuminate\\Cookie\\Middleware\\EncryptCookies->handle(Object(Illuminate\\Http\\Request), Object(Closure))
#22 /Applications/XAMPP/xamppfiles/htdocs/application/wofins/vendor/laravel/framework/src/Illuminate/Foundation/Http/Middleware/HandlePrecognitiveRequests.php(40): Illuminate\\Pipeline\\Pipeline->{closure:{closure:Illuminate\\Pipeline\\Pipeline::carry():194}:195}(Object(Illuminate\\Http\\Request))
#23 /Applications/XAMPP/xamppfiles/htdocs/application/wofins/vendor/laravel/framework/src/Illuminate/Pipeline/Pipeline.php(219): Illuminate\\Foundation\\Http\\Middleware\\HandlePrecognitiveRequests->handle(Object(Illuminate\\Http\\Request), Object(Closure))
#24 /Applications/XAMPP/xamppfiles/htdocs/application/wofins/vendor/laravel/framework/src/Illuminate/Pipeline/Pipeline.php(137): Illuminate\\Pipeline\\Pipeline->{closure:{closure:Illuminate\\Pipeline\\Pipeline::carry():194}:195}(Object(Illuminate\\Http\\Request))
#25 /Applications/XAMPP/xamppfiles/htdocs/application/wofins/vendor/laravel/framework/src/Illuminate/Routing/Router.php(821): Illuminate\\Pipeline\\Pipeline->then(Object(Closure))
#26 /Applications/XAMPP/xamppfiles/htdocs/application/wofins/vendor/laravel/framework/src/Illuminate/Routing/Router.php(800): Illuminate\\Routing\\Router->runRouteWithinStack(Object(Illuminate\\Routing\\Route), Object(Illuminate\\Http\\Request))
#27 /Applications/XAMPP/xamppfiles/htdocs/application/wofins/vendor/laravel/framework/src/Illuminate/Routing/Router.php(764): Illuminate\\Routing\\Router->runRoute(Object(Illuminate\\Http\\Request), Object(Illuminate\\Routing\\Route))
#28 /Applications/XAMPP/xamppfiles/htdocs/application/wofins/vendor/laravel/framework/src/Illuminate/Routing/Router.php(753): Illuminate\\Routing\\Router->dispatchToRoute(Object(Illuminate\\Http\\Request))
#29 /Applications/XAMPP/xamppfiles/htdocs/application/wofins/vendor/laravel/framework/src/Illuminate/Foundation/Http/Kernel.php(200): Illuminate\\Routing\\Router->dispatch(Object(Illuminate\\Http\\Request))
#30 /Applications/XAMPP/xamppfiles/htdocs/application/wofins/vendor/laravel/framework/src/Illuminate/Pipeline/Pipeline.php(180): Illuminate\\Foundation\\Http\\Kernel->{closure:Illuminate\\Foundation\\Http\\Kernel::dispatchToRouter():197}(Object(Illuminate\\Http\\Request))
#31 /Applications/XAMPP/xamppfiles/htdocs/application/wofins/vendor/livewire/livewire/src/Features/SupportDisablingBackButtonCache/DisableBackButtonCacheMiddleware.php(19): Illuminate\\Pipeline\\Pipeline->{closure:Illuminate\\Pipeline\\Pipeline::prepareDestination():178}(Object(Illuminate\\Http\\Request))
#32 /Applications/XAMPP/xamppfiles/htdocs/application/wofins/vendor/laravel/framework/src/Illuminate/Pipeline/Pipeline.php(219): Livewire\\Features\\SupportDisablingBackButtonCache\\DisableBackButtonCacheMiddleware->handle(Object(Illuminate\\Http\\Request), Object(Closure))
#33 /Applications/XAMPP/xamppfiles/htdocs/application/wofins/app/Http/Middleware/EnforceHostSeparation.php(22): Illuminate\\Pipeline\\Pipeline->{closure:{closure:Illuminate\\Pipeline\\Pipeline::carry():194}:195}(Object(Illuminate\\Http\\Request))
#34 /Applications/XAMPP/xamppfiles/htdocs/application/wofins/vendor/laravel/framework/src/Illuminate/Pipeline/Pipeline.php(219): App\\Http\\Middleware\\EnforceHostSeparation->handle(Object(Illuminate\\Http\\Request), Object(Closure))
#35 /Applications/XAMPP/xamppfiles/htdocs/application/wofins/vendor/laravel/framework/src/Illuminate/Http/Middleware/HandleCors.php(61): Illuminate\\Pipeline\\Pipeline->{closure:{closure:Illuminate\\Pipeline\\Pipeline::carry():194}:195}(Object(Illuminate\\Http\\Request))
#36 /Applications/XAMPP/xamppfiles/htdocs/application/wofins/vendor/laravel/framework/src/Illuminate/Pipeline/Pipeline.php(219): Illuminate\\Http\\Middleware\\HandleCors->handle(Object(Illuminate\\Http\\Request), Object(Closure))
#37 /Applications/XAMPP/xamppfiles/htdocs/application/wofins/vendor/laravel/framework/src/Illuminate/Pipeline/Pipeline.php(137): Illuminate\\Pipeline\\Pipeline->{closure:{closure:Illuminate\\Pipeline\\Pipeline::carry():194}:195}(Object(Illuminate\\Http\\Request))
#38 /Applications/XAMPP/xamppfiles/htdocs/application/wofins/vendor/laravel/framework/src/Illuminate/Foundation/Http/Kernel.php(175): Illuminate\\Pipeline\\Pipeline->then(Object(Closure))
#39 /Applications/XAMPP/xamppfiles/htdocs/application/wofins/vendor/laravel/framework/src/Illuminate/Foundation/Http/Kernel.php(144): Illuminate\\Foundation\\Http\\Kernel->sendRequestThroughRouter(Object(Illuminate\\Http\\Request))
#40 /Applications/XAMPP/xamppfiles/htdocs/application/wofins/vendor/laravel/framework/src/Illuminate/Foundation/Application.php(1227): Illuminate\\Foundation\\Http\\Kernel->handle(Object(Illuminate\\Http\\Request))
#41 /Applications/XAMPP/xamppfiles/htdocs/application/wofins/public/index.php(20): Illuminate\\Foundation\\Application->handleRequest(Object(Illuminate\\Http\\Request))
#42 /Applications/XAMPP/xamppfiles/htdocs/application/wofins/vendor/laravel/framework/src/Illuminate/Foundation/resources/server.php(23): require_once('/Applications/X...')
#43 {main}

[previous exception] [object] (PDOException(code: 2002): SQLSTATE[HY000] [2002] Connection refused at /Applications/XAMPP/xamppfiles/htdocs/application/wofins/vendor/laravel/framework/src/Illuminate/Database/Connectors/Connector.php:67)
[stacktrace]
#0 /Applications/XAMPP/xamppfiles/htdocs/application/wofins/vendor/laravel/framework/src/Illuminate/Database/Connectors/Connector.php(67): PDO::connect('mysql:host=127....', 'root', Object(SensitiveParameterValue), Array)
#1 /Applications/XAMPP/xamppfiles/htdocs/application/wofins/vendor/laravel/framework/src/Illuminate/Database/Connectors/Connector.php(85): Illuminate\\Database\\Connectors\\Connector->createPdoConnection('mysql:host=127....', 'root', Object(SensitiveParameterValue), Array)
#2 /Applications/XAMPP/xamppfiles/htdocs/application/wofins/vendor/laravel/framework/src/Illuminate/Database/Connectors/Connector.php(48): Illuminate\\Database\\Connectors\\Connector->tryAgainIfCausedByLostConnection(Object(PDOException), 'mysql:host=127....', 'root', Object(SensitiveParameterValue), Array)
#3 /Applications/XAMPP/xamppfiles/htdocs/application/wofins/vendor/laravel/framework/src/Illuminate/Database/Connectors/MySqlConnector.php(24): Illuminate\\Database\\Connectors\\Connector->createConnection('mysql:host=127....', Array, Array)
#4 /Applications/XAMPP/xamppfiles/htdocs/application/wofins/vendor/laravel/framework/src/Illuminate/Database/Connectors/ConnectionFactory.php(220): Illuminate\\Database\\Connectors\\MySqlConnector->connect(Array)
#5 [internal function]: Illuminate\\Database\\Connectors\\ConnectionFactory->{closure:Illuminate\\Database\\Connectors\\ConnectionFactory::createPdoResolverWithHosts():213}()
#6 /Applications/XAMPP/xamppfiles/htdocs/application/wofins/vendor/laravel/framework/src/Illuminate/Database/Connection.php(1297): call_user_func(Object(Closure))
#7 /Applications/XAMPP/xamppfiles/htdocs/application/wofins/vendor/laravel/framework/src/Illuminate/Database/Connection.php(542): Illuminate\\Database\\Connection->getPdo()
#8 /Applications/XAMPP/xamppfiles/htdocs/application/wofins/vendor/laravel/framework/src/Illuminate/Database/Connection.php(435): Illuminate\\Database\\Connection->getPdoForSelect(false)
#9 /Applications/XAMPP/xamppfiles/htdocs/application/wofins/vendor/laravel/framework/src/Illuminate/Database/Connection.php(846): Illuminate\\Database\\Connection->{closure:Illuminate\\Database\\Connection::select():426}('select * from `...', Array)
#10 /Applications/XAMPP/xamppfiles/htdocs/application/wofins/vendor/laravel/framework/src/Illuminate/Database/Connection.php(1037): Illuminate\\Database\\Connection->runQueryCallback('select * from `...', Array, Object(Closure))
#11 /Applications/XAMPP/xamppfiles/htdocs/application/wofins/vendor/laravel/framework/src/Illuminate/Database/Connection.php(1016): Illuminate\\Database\\Connection->tryAgainIfCausedByLostConnection(Object(Illuminate\\Database\\QueryException), 'select * from `...', Array, Object(Closure))
#12 /Applications/XAMPP/xamppfiles/htdocs/application/wofins/vendor/laravel/framework/src/Illuminate/Database/Connection.php(815): Illuminate\\Database\\Connection->handleQueryException(Object(Illuminate\\Database\\QueryException), 'select * from `...', Array, Object(Closure))
#13 /Applications/XAMPP/xamppfiles/htdocs/application/wofins/vendor/laravel/framework/src/Illuminate/Database/Connection.php(426): Illuminate\\Database\\Connection->run('select * from `...', Array, Object(Closure))
#14 /Applications/XAMPP/xamppfiles/htdocs/application/wofins/vendor/laravel/framework/src/Illuminate/Database/Query/Builder.php(3573): Illuminate\\Database\\Connection->select('select * from `...', Array, false, Array)
#15 /Applications/XAMPP/xamppfiles/htdocs/application/wofins/vendor/laravel/framework/src/Illuminate/Database/Query/Builder.php(3557): Illuminate\\Database\\Query\\Builder->runSelect()
#16 /Applications/XAMPP/xamppfiles/htdocs/application/wofins/vendor/laravel/framework/src/Illuminate/Database/Concerns/BuildsQueries.php(366): Illuminate\\Database\\Query\\Builder->get(Array)
#17 /Applications/XAMPP/xamppfiles/htdocs/application/wofins/vendor/laravel/framework/src/Illuminate/Database/Query/Builder.php(3475): Illuminate\\Database\\Query\\Builder->first(Array)
#18 /Applications/XAMPP/xamppfiles/htdocs/application/wofins/vendor/laravel/framework/src/Illuminate/Session/DatabaseSessionHandler.php(96): Illuminate\\Database\\Query\\Builder->find('VaYKoym5pF4PV7k...')
#19 /Applications/XAMPP/xamppfiles/htdocs/application/wofins/vendor/laravel/framework/src/Illuminate/Session/Store.php(128): Illuminate\\Session\\DatabaseSessionHandler->read('VaYKoym5pF4PV7k...')
#20 /Applications/XAMPP/xamppfiles/htdocs/application/wofins/vendor/laravel/framework/src/Illuminate/Session/Store.php(116): Illuminate\\Session\\Store->readFromHandler()
#21 /Applications/XAMPP/xamppfiles/htdocs/application/wofins/vendor/laravel/framework/src/Illuminate/Session/Store.php(100): Illuminate\\Session\\Store->loadSession()
#22 /Applications/XAMPP/xamppfiles/htdocs/application/wofins/vendor/laravel/framework/src/Illuminate/Session/Middleware/StartSession.php(146): Illuminate\\Session\\Store->start()
#23 /Applications/XAMPP/xamppfiles/htdocs/application/wofins/vendor/laravel/framework/src/Illuminate/Support/helpers.php(393): Illuminate\\Session\\Middleware\\StartSession->{closure:Illuminate\\Session\\Middleware\\StartSession::startSession():143}(Object(Illuminate\\Session\\Store))
#24 /Applications/XAMPP/xamppfiles/htdocs/application/wofins/vendor/laravel/framework/src/Illuminate/Session/Middleware/StartSession.php(143): tap(Object(Illuminate\\Session\\Store), Object(Closure))
#25 /Applications/XAMPP/xamppfiles/htdocs/application/wofins/vendor/laravel/framework/src/Illuminate/Session/Middleware/StartSession.php(115): Illuminate\\Session\\Middleware\\StartSession->startSession(Object(Illuminate\\Http\\Request), Object(Illuminate\\Session\\Store))
#26 /Applications/XAMPP/xamppfiles/htdocs/application/wofins/vendor/laravel/framework/src/Illuminate/Session/Middleware/StartSession.php(63): Illuminate\\Session\\Middleware\\StartSession->handleStatefulRequest(Object(Illuminate\\Http\\Request), Object(Illuminate\\Session\\Store), Object(Closure))
#27 /Applications/XAMPP/xamppfiles/htdocs/application/wofins/vendor/laravel/framework/src/Illuminate/Pipeline/Pipeline.php(219): Illuminate\\Session\\Middleware\\StartSession->handle(Object(Illuminate\\Http\\Request), Object(Closure))
#28 /Applications/XAMPP/xamppfiles/htdocs/application/wofins/vendor/laravel/framework/src/Illuminate/Cookie/Middleware/AddQueuedCookiesToResponse.php(36): Illuminate\\Pipeline\\Pipeline->{closure:{closure:Illuminate\\Pipeline\\Pipeline::carry():194}:195}(Object(Illuminate\\Http\\Request))
#29 /Applications/XAMPP/xamppfiles/htdocs/application/wofins/vendor/laravel/framework/src/Illuminate/Pipeline/Pipeline.php(219): Illuminate\\Cookie\\Middleware\\AddQueuedCookiesToResponse->handle(Object(Illuminate\\Http\\Request), Object(Closure))
#30 /Applications/XAMPP/xamppfiles/htdocs/application/wofins/vendor/laravel/framework/src/Illuminate/Cookie/Middleware/EncryptCookies.php(74): Illuminate\\Pipeline\\Pipeline->{closure:{closure:Illuminate\\Pipeline\\Pipeline::carry():194}:195}(Object(Illuminate\\Http\\Request))
#31 /Applications/XAMPP/xamppfiles/htdocs/application/wofins/vendor/laravel/framework/src/Illuminate/Pipeline/Pipeline.php(219): Illuminate\\Cookie\\Middleware\\EncryptCookies->handle(Object(Illuminate\\Http\\Request), Object(Closure))
#32 /Applications/XAMPP/xamppfiles/htdocs/application/wofins/vendor/laravel/framework/src/Illuminate/Foundation/Http/Middleware/HandlePrecognitiveRequests.php(40): Illuminate\\Pipeline\\Pipeline->{closure:{closure:Illuminate\\Pipeline\\Pipeline::carry():194}:195}(Object(Illuminate\\Http\\Request))
#33 /Applications/XAMPP/xamppfiles/htdocs/application/wofins/vendor/laravel/framework/src/Illuminate/Pipeline/Pipeline.php(219): Illuminate\\Foundation\\Http\\Middleware\\HandlePrecognitiveRequests->handle(Object(Illuminate\\Http\\Request), Object(Closure))
#34 /Applications/XAMPP/xamppfiles/htdocs/application/wofins/vendor/laravel/framework/src/Illuminate/Pipeline/Pipeline.php(137): Illuminate\\Pipeline\\Pipeline->{closure:{closure:Illuminate\\Pipeline\\Pipeline::carry():194}:195}(Object(Illuminate\\Http\\Request))
#35 /Applications/XAMPP/xamppfiles/htdocs/application/wofins/vendor/laravel/framework/src/Illuminate/Routing/Router.php(821): Illuminate\\Pipeline\\Pipeline->then(Object(Closure))
#36 /Applications/XAMPP/xamppfiles/htdocs/application/wofins/vendor/laravel/framework/src/Illuminate/Routing/Router.php(800): Illuminate\\Routing\\Router->runRouteWithinStack(Object(Illuminate\\Routing\\Route), Object(Illuminate\\Http\\Request))
#37 /Applications/XAMPP/xamppfiles/htdocs/application/wofins/vendor/laravel/framework/src/Illuminate/Routing/Router.php(764): Illuminate\\Routing\\Router->runRoute(Object(Illuminate\\Http\\Request), Object(Illuminate\\Routing\\Route))
#38 /Applications/XAMPP/xamppfiles/htdocs/application/wofins/vendor/laravel/framework/src/Illuminate/Routing/Router.php(753): Illuminate\\Routing\\Router->dispatchToRoute(Object(Illuminate\\Http\\Request))
#39 /Applications/XAMPP/xamppfiles/htdocs/application/wofins/vendor/laravel/framework/src/Illuminate/Foundation/Http/Kernel.php(200): Illuminate\\Routing\\Router->dispatch(Object(Illuminate\\Http\\Request))
#40 /Applications/XAMPP/xamppfiles/htdocs/application/wofins/vendor/laravel/framework/src/Illuminate/Pipeline/Pipeline.php(180): Illuminate\\Foundation\\Http\\Kernel->{closure:Illuminate\\Foundation\\Http\\Kernel::dispatchToRouter():197}(Object(Illuminate\\Http\\Request))
#41 /Applications/XAMPP/xamppfiles/htdocs/application/wofins/vendor/livewire/livewire/src/Features/SupportDisablingBackButtonCache/DisableBackButtonCacheMiddleware.php(19): Illuminate\\Pipeline\\Pipeline->{closure:Illuminate\\Pipeline\\Pipeline::prepareDestination():178}(Object(Illuminate\\Http\\Request))
#42 /Applications/XAMPP/xamppfiles/htdocs/application/wofins/vendor/laravel/framework/src/Illuminate/Pipeline/Pipeline.php(219): Livewire\\Features\\SupportDisablingBackButtonCache\\DisableBackButtonCacheMiddleware->handle(Object(Illuminate\\Http\\Request), Object(Closure))
#43 /Applications/XAMPP/xamppfiles/htdocs/application/wofins/app/Http/Middleware/EnforceHostSeparation.php(22): Illuminate\\Pipeline\\Pipeline->{closure:{closure:Illuminate\\Pipeline\\Pipeline::carry():194}:195}(Object(Illuminate\\Http\\Request))
#44 /Applications/XAMPP/xamppfiles/htdocs/application/wofins/vendor/laravel/framework/src/Illuminate/Pipeline/Pipeline.php(219): App\\Http\\Middleware\\EnforceHostSeparation->handle(Object(Illuminate\\Http\\Request), Object(Closure))
#45 /Applications/XAMPP/xamppfiles/htdocs/application/wofins/vendor/laravel/framework/src/Illuminate/Http/Middleware/HandleCors.php(61): Illuminate\\Pipeline\\Pipeline->{closure:{closure:Illuminate\\Pipeline\\Pipeline::carry():194}:195}(Object(Illuminate\\Http\\Request))
#46 /Applications/XAMPP/xamppfiles/htdocs/application/wofins/vendor/laravel/framework/src/Illuminate/Pipeline/Pipeline.php(219): Illuminate\\Http\\Middleware\\HandleCors->handle(Object(Illuminate\\Http\\Request), Object(Closure))
#47 /Applications/XAMPP/xamppfiles/htdocs/application/wofins/vendor/laravel/framework/src/Illuminate/Pipeline/Pipeline.php(137): Illuminate\\Pipeline\\Pipeline->{closure:{closure:Illuminate\\Pipeline\\Pipeline::carry():194}:195}(Object(Illuminate\\Http\\Request))
#48 /Applications/XAMPP/xamppfiles/htdocs/application/wofins/vendor/laravel/framework/src/Illuminate/Foundation/Http/Kernel.php(175): Illuminate\\Pipeline\\Pipeline->then(Object(Closure))
#49 /Applications/XAMPP/xamppfiles/htdocs/application/wofins/vendor/laravel/framework/src/Illuminate/Foundation/Http/Kernel.php(144): Illuminate\\Foundation\\Http\\Kernel->sendRequestThroughRouter(Object(Illuminate\\Http\\Request))
#50 /Applications/XAMPP/xamppfiles/htdocs/application/wofins/vendor/laravel/framework/src/Illuminate/Foundation/Application.php(1227): Illuminate\\Foundation\\Http\\Kernel->handle(Object(Illuminate\\Http\\Request))
#51 /Applications/XAMPP/xamppfiles/htdocs/application/wofins/public/index.php(20): Illuminate\\Foundation\\Application->handleRequest(Object(Illuminate\\Http\\Request))
#52 /Applications/XAMPP/xamppfiles/htdocs/application/wofins/vendor/laravel/framework/src/Illuminate/Foundation/resources/server.php(23): require_once('/Applications/X...')
#53 {main}
"} 
[2026-09-06 16:11:44] local.ERROR: SQLSTATE[HY000] [2002] Connection refused (Connection: mysql, Host: 127.0.0.1, Port: 3306, Database: wofins, SQL: select * from `cache` where `key` in (wofins_cache_illuminate:queue:paused:database:default)) {"exception":"[object] (Illuminate\\Database\\QueryException(code: 2002): SQLSTATE[HY000] [2002] Connection refused (Connection: mysql, Host: 127.0.0.1, Port: 3306, Database: wofins, SQL: select * from `cache` where `key` in (wofins_cache_illuminate:queue:paused:database:default)) at /Applications/XAMPP/xamppfiles/htdocs/application/wofins/vendor/laravel/framework/src/Illuminate/Database/Connection.php:857)
[stacktrace]
#0 /Applications/XAMPP/xamppfiles/htdocs/application/wofins/vendor/laravel/framework/src/Illuminate/Database/Connection.php(1037): Illuminate\\Database\\Connection->runQueryCallback('select * from `...', Array, Object(Closure))
#1 /Applications/XAMPP/xamppfiles/htdocs/application/wofins/vendor/laravel/framework/src/Illuminate/Database/Connection.php(1016): Illuminate\\Database\\Connection->tryAgainIfCausedByLostConnection(Object(Illuminate\\Database\\QueryException), 'select * from `...', Array, Object(Closure))
#2 /Applications/XAMPP/xamppfiles/htdocs/application/wofins/vendor/laravel/framework/src/Illuminate/Database/Connection.php(815): Illuminate\\Database\\Connection->handleQueryException(Object(Illuminate\\Database\\QueryException), 'select * from `...', Array, Object(Closure))
#3 /Applications/XAMPP/xamppfiles/htdocs/application/wofins/vendor/laravel/framework/src/Illuminate/Database/Connection.php(426): Illuminate\\Database\\Connection->run('select * from `...', Array, Object(Closure))
#4 /Applications/XAMPP/xamppfiles/htdocs/application/wofins/vendor/laravel/framework/src/Illuminate/Database/Query/Builder.php(3573): Illuminate\\Database\\Connection->select('select * from `...', Array, true, Array)
#5 /Applications/XAMPP/xamppfiles/htdocs/application/wofins/vendor/laravel/framework/src/Illuminate/Database/Query/Builder.php(3557): Illuminate\\Database\\Query\\Builder->runSelect()
#6 /Applications/XAMPP/xamppfiles/htdocs/application/wofins/vendor/laravel/framework/src/Illuminate/Cache/DatabaseStore.php(142): Illuminate\\Database\\Query\\Builder->get()
#7 /Applications/XAMPP/xamppfiles/htdocs/application/wofins/vendor/laravel/framework/src/Illuminate/Cache/Repository.php(167): Illuminate\\Cache\\DatabaseStore->many(Array)
#8 /Applications/XAMPP/xamppfiles/htdocs/application/wofins/vendor/laravel/framework/src/Illuminate/Queue/QueueManager.php(298): Illuminate\\Cache\\Repository->many(Array)
#9 /Applications/XAMPP/xamppfiles/htdocs/application/wofins/vendor/laravel/framework/src/Illuminate/Queue/Worker.php(489): Illuminate\\Queue\\QueueManager->getPausedQueues('database', Array)
#10 /Applications/XAMPP/xamppfiles/htdocs/application/wofins/vendor/laravel/framework/src/Illuminate/Queue/Worker.php(450): Illuminate\\Queue\\Worker->getPausedQueues('database', Array)
#11 /Applications/XAMPP/xamppfiles/htdocs/application/wofins/vendor/laravel/framework/src/Illuminate/Queue/Worker.php(410): Illuminate\\Queue\\Worker->getNextJob(Object(Illuminate\\Queue\\DatabaseQueue), 'default')
#12 /Applications/XAMPP/xamppfiles/htdocs/application/wofins/vendor/laravel/framework/src/Illuminate/Queue/Console/WorkCommand.php(149): Illuminate\\Queue\\Worker->runNextJob('database', 'default', Object(Illuminate\\Queue\\WorkerOptions))
#13 /Applications/XAMPP/xamppfiles/htdocs/application/wofins/vendor/laravel/framework/src/Illuminate/Queue/Console/WorkCommand.php(132): Illuminate\\Queue\\Console\\WorkCommand->runWorker('database', 'default')
#14 /Applications/XAMPP/xamppfiles/htdocs/application/wofins/vendor/laravel/framework/src/Illuminate/Container/BoundMethod.php(36): Illuminate\\Queue\\Console\\WorkCommand->handle()
#15 /Applications/XAMPP/xamppfiles/htdocs/application/wofins/vendor/laravel/framework/src/Illuminate/Container/Util.php(43): Illuminate\\Container\\BoundMethod::{closure:Illuminate\\Container\\BoundMethod::call():35}()
#16 /Applications/XAMPP/xamppfiles/htdocs/application/wofins/vendor/laravel/framework/src/Illuminate/Container/BoundMethod.php(96): Illuminate\\Container\\Util::unwrapIfClosure(Object(Closure))
#17 /Applications/XAMPP/xamppfiles/htdocs/application/wofins/vendor/laravel/framework/src/Illuminate/Container/BoundMethod.php(35): Illuminate\\Container\\BoundMethod::callBoundMethod(Object(Illuminate\\Foundation\\Application), Array, Object(Closure))
#18 /Applications/XAMPP/xamppfiles/htdocs/application/wofins/vendor/laravel/framework/src/Illuminate/Container/Container.php(800): Illuminate\\Container\\BoundMethod::call(Object(Illuminate\\Foundation\\Application), Array, Array, NULL)
#19 /Applications/XAMPP/xamppfiles/htdocs/application/wofins/vendor/laravel/framework/src/Illuminate/Console/Command.php(292): Illuminate\\Container\\Container->call(Array)
#20 /Applications/XAMPP/xamppfiles/htdocs/application/wofins/vendor/symfony/console/Command/Command.php(284): Illuminate\\Console\\Command->execute(Object(Symfony\\Component\\Console\\Input\\ArgvInput), Object(Illuminate\\Console\\OutputStyle))
#21 /Applications/XAMPP/xamppfiles/htdocs/application/wofins/vendor/laravel/framework/src/Illuminate/Console/Command.php(261): Symfony\\Component\\Console\\Command\\Command->run(Object(Symfony\\Component\\Console\\Input\\ArgvInput), Object(Illuminate\\Console\\OutputStyle))
#22 /Applications/XAMPP/xamppfiles/htdocs/application/wofins/vendor/symfony/console/Application.php(1144): Illuminate\\Console\\Command->run(Object(Symfony\\Component\\Console\\Input\\ArgvInput), Object(Symfony\\Component\\Console\\Output\\ConsoleOutput))
#23 /Applications/XAMPP/xamppfiles/htdocs/application/wofins/vendor/symfony/console/Application.php(379): Symfony\\Component\\Console\\Application->doRunCommand(Object(Illuminate\\Queue\\Console\\WorkCommand), Object(Symfony\\Component\\Console\\Input\\ArgvInput), Object(Symfony\\Component\\Console\\Output\\ConsoleOutput))
#24 /Applications/XAMPP/xamppfiles/htdocs/application/wofins/vendor/symfony/console/Application.php(218): Symfony\\Component\\Console\\Application->doRun(Object(Symfony\\Component\\Console\\Input\\ArgvInput), Object(Symfony\\Component\\Console\\Output\\ConsoleOutput))
#25 /Applications/XAMPP/xamppfiles/htdocs/application/wofins/vendor/laravel/framework/src/Illuminate/Foundation/Console/Kernel.php(198): Symfony\\Component\\Console\\Application->run(Object(Symfony\\Component\\Console\\Input\\ArgvInput), Object(Symfony\\Component\\Console\\Output\\ConsoleOutput))
#26 /Applications/XAMPP/xamppfiles/htdocs/application/wofins/vendor/laravel/framework/src/Illuminate/Foundation/Application.php(1242): Illuminate\\Foundation\\Console\\Kernel->handle(Object(Symfony\\Component\\Console\\Input\\ArgvInput), Object(Symfony\\Component\\Console\\Output\\ConsoleOutput))
#27 /Applications/XAMPP/xamppfiles/htdocs/application/wofins/artisan(16): Illuminate\\Foundation\\Application->handleCommand(Object(Symfony\\Component\\Console\\Input\\ArgvInput))
#28 {main}

[previous exception] [object] (PDOException(code: 2002): SQLSTATE[HY000] [2002] Connection refused at /Applications/XAMPP/xamppfiles/htdocs/application/wofins/vendor/laravel/framework/src/Illuminate/Database/Connectors/Connector.php:67)
[stacktrace]
#0 /Applications/XAMPP/xamppfiles/htdocs/application/wofins/vendor/laravel/framework/src/Illuminate/Database/Connectors/Connector.php(67): PDO::connect('mysql:host=127....', 'root', Object(SensitiveParameterValue), Array)
#1 /Applications/XAMPP/xamppfiles/htdocs/application/wofins/vendor/laravel/framework/src/Illuminate/Database/Connectors/Connector.php(85): Illuminate\\Database\\Connectors\\Connector->createPdoConnection('mysql:host=127....', 'root', Object(SensitiveParameterValue), Array)
#2 /Applications/XAMPP/xamppfiles/htdocs/application/wofins/vendor/laravel/framework/src/Illuminate/Database/Connectors/Connector.php(48): Illuminate\\Database\\Connectors\\Connector->tryAgainIfCausedByLostConnection(Object(PDOException), 'mysql:host=127....', 'root', Object(SensitiveParameterValue), Array)
#3 /Applications/XAMPP/xamppfiles/htdocs/application/wofins/vendor/laravel/framework/src/Illuminate/Database/Connectors/MySqlConnector.php(24): Illuminate\\Database\\Connectors\\Connector->createConnection('mysql:host=127....', Array, Array)
#4 /Applications/XAMPP/xamppfiles/htdocs/application/wofins/vendor/laravel/framework/src/Illuminate/Database/Connectors/ConnectionFactory.php(220): Illuminate\\Database\\Connectors\\MySqlConnector->connect(Array)
#5 [internal function]: Illuminate\\Database\\Connectors\\ConnectionFactory->{closure:Illuminate\\Database\\Connectors\\ConnectionFactory::createPdoResolverWithHosts():213}()
#6 /Applications/XAMPP/xamppfiles/htdocs/application/wofins/vendor/laravel/framework/src/Illuminate/Database/Connection.php(1297): call_user_func(Object(Closure))
#7 /Applications/XAMPP/xamppfiles/htdocs/application/wofins/vendor/laravel/framework/src/Illuminate/Database/Connection.php(1335): Illuminate\\Database\\Connection->getPdo()
#8 /Applications/XAMPP/xamppfiles/htdocs/application/wofins/vendor/laravel/framework/src/Illuminate/Database/Connection.php(542): Illuminate\\Database\\Connection->getReadPdo()
#9 /Applications/XAMPP/xamppfiles/htdocs/application/wofins/vendor/laravel/framework/src/Illuminate/Database/Connection.php(435): Illuminate\\Database\\Connection->getPdoForSelect(true)
#10 /Applications/XAMPP/xamppfiles/htdocs/application/wofins/vendor/laravel/framework/src/Illuminate/Database/Connection.php(846): Illuminate\\Database\\Connection->{closure:Illuminate\\Database\\Connection::select():426}('select * from `...', Array)
#11 /Applications/XAMPP/xamppfiles/htdocs/application/wofins/vendor/laravel/framework/src/Illuminate/Database/Connection.php(1037): Illuminate\\Database\\Connection->runQueryCallback('select * from `...', Array, Object(Closure))
#12 /Applications/XAMPP/xamppfiles/htdocs/application/wofins/vendor/laravel/framework/src/Illuminate/Database/Connection.php(1016): Illuminate\\Database\\Connection->tryAgainIfCausedByLostConnection(Object(Illuminate\\Database\\QueryException), 'select * from `...', Array, Object(Closure))
#13 /Applications/XAMPP/xamppfiles/htdocs/application/wofins/vendor/laravel/framework/src/Illuminate/Database/Connection.php(815): Illuminate\\Database\\Connection->handleQueryException(Object(Illuminate\\Database\\QueryException), 'select * from `...', Array, Object(Closure))
#14 /Applications/XAMPP/xamppfiles/htdocs/application/wofins/vendor/laravel/framework/src/Illuminate/Database/Connection.php(426): Illuminate\\Database\\Connection->run('select * from `...', Array, Object(Closure))
#15 /Applications/XAMPP/xamppfiles/htdocs/application/wofins/vendor/laravel/framework/src/Illuminate/Database/Query/Builder.php(3573): Illuminate\\Database\\Connection->select('select * from `...', Array, true, Array)
#16 /Applications/XAMPP/xamppfiles/htdocs/application/wofins/vendor/laravel/framework/src/Illuminate/Database/Query/Builder.php(3557): Illuminate\\Database\\Query\\Builder->runSelect()
#17 /Applications/XAMPP/xamppfiles/htdocs/application/wofins/vendor/laravel/framework/src/Illuminate/Cache/DatabaseStore.php(142): Illuminate\\Database\\Query\\Builder->get()
#18 /Applications/XAMPP/xamppfiles/htdocs/application/wofins/vendor/laravel/framework/src/Illuminate/Cache/Repository.php(167): Illuminate\\Cache\\DatabaseStore->many(Array)
#19 /Applications/XAMPP/xamppfiles/htdocs/application/wofins/vendor/laravel/framework/src/Illuminate/Queue/QueueManager.php(298): Illuminate\\Cache\\Repository->many(Array)
#20 /Applications/XAMPP/xamppfiles/htdocs/application/wofins/vendor/laravel/framework/src/Illuminate/Queue/Worker.php(489): Illuminate\\Queue\\QueueManager->getPausedQueues('database', Array)
#21 /Applications/XAMPP/xamppfiles/htdocs/application/wofins/vendor/laravel/framework/src/Illuminate/Queue/Worker.php(450): Illuminate\\Queue\\Worker->getPausedQueues('database', Array)
#22 /Applications/XAMPP/xamppfiles/htdocs/application/wofins/vendor/laravel/framework/src/Illuminate/Queue/Worker.php(410): Illuminate\\Queue\\Worker->getNextJob(Object(Illuminate\\Queue\\DatabaseQueue), 'default')
#23 /Applications/XAMPP/xamppfiles/htdocs/application/wofins/vendor/laravel/framework/src/Illuminate/Queue/Console/WorkCommand.php(149): Illuminate\\Queue\\Worker->runNextJob('database', 'default', Object(Illuminate\\Queue\\WorkerOptions))
#24 /Applications/XAMPP/xamppfiles/htdocs/application/wofins/vendor/laravel/framework/src/Illuminate/Queue/Console/WorkCommand.php(132): Illuminate\\Queue\\Console\\WorkCommand->runWorker('database', 'default')
#25 /Applications/XAMPP/xamppfiles/htdocs/application/wofins/vendor/laravel/framework/src/Illuminate/Container/BoundMethod.php(36): Illuminate\\Queue\\Console\\WorkCommand->handle()
#26 /Applications/XAMPP/xamppfiles/htdocs/application/wofins/vendor/laravel/framework/src/Illuminate/Container/Util.php(43): Illuminate\\Container\\BoundMethod::{closure:Illuminate\\Container\\BoundMethod::call():35}()
#27 /Applications/XAMPP/xamppfiles/htdocs/application/wofins/vendor/laravel/framework/src/Illuminate/Container/BoundMethod.php(96): Illuminate\\Container\\Util::unwrapIfClosure(Object(Closure))
#28 /Applications/XAMPP/xamppfiles/htdocs/application/wofins/vendor/laravel/framework/src/Illuminate/Container/BoundMethod.php(35): Illuminate\\Container\\BoundMethod::callBoundMethod(Object(Illuminate\\Foundation\\Application), Array, Object(Closure))
#29 /Applications/XAMPP/xamppfiles/htdocs/application/wofins/vendor/laravel/framework/src/Illuminate/Container/Container.php(800): Illuminate\\Container\\BoundMethod::call(Object(Illuminate\\Foundation\\Application), Array, Array, NULL)
#30 /Applications/XAMPP/xamppfiles/htdocs/application/wofins/vendor/laravel/framework/src/Illuminate/Console/Command.php(292): Illuminate\\Container\\Container->call(Array)
#31 /Applications/XAMPP/xamppfiles/htdocs/application/wofins/vendor/symfony/console/Command/Command.php(284): Illuminate\\Console\\Command->execute(Object(Symfony\\Component\\Console\\Input\\ArgvInput), Object(Illuminate\\Console\\OutputStyle))
#32 /Applications/XAMPP/xamppfiles/htdocs/application/wofins/vendor/laravel/framework/src/Illuminate/Console/Command.php(261): Symfony\\Component\\Console\\Command\\Command->run(Object(Symfony\\Component\\Console\\Input\\ArgvInput), Object(Illuminate\\Console\\OutputStyle))
#33 /Applications/XAMPP/xamppfiles/htdocs/application/wofins/vendor/symfony/console/Application.php(1144): Illuminate\\Console\\Command->run(Object(Symfony\\Component\\Console\\Input\\ArgvInput), Object(Symfony\\Component\\Console\\Output\\ConsoleOutput))
#34 /Applications/XAMPP/xamppfiles/htdocs/application/wofins/vendor/symfony/console/Application.php(379): Symfony\\Component\\Console\\Application->doRunCommand(Object(Illuminate\\Queue\\Console\\WorkCommand), Object(Symfony\\Component\\Console\\Input\\ArgvInput), Object(Symfony\\Component\\Console\\Output\\ConsoleOutput))
#35 /Applications/XAMPP/xamppfiles/htdocs/application/wofins/vendor/symfony/console/Application.php(218): Symfony\\Component\\Console\\Application->doRun(Object(Symfony\\Component\\Console\\Input\\ArgvInput), Object(Symfony\\Component\\Console\\Output\\ConsoleOutput))
#36 /Applications/XAMPP/xamppfiles/htdocs/application/wofins/vendor/laravel/framework/src/Illuminate/Foundation/Console/Kernel.php(198): Symfony\\Component\\Console\\Application->run(Object(Symfony\\Component\\Console\\Input\\ArgvInput), Object(Symfony\\Component\\Console\\Output\\ConsoleOutput))
#37 /Applications/XAMPP/xamppfiles/htdocs/application/wofins/vendor/laravel/framework/src/Illuminate/Foundation/Application.php(1242): Illuminate\\Foundation\\Console\\Kernel->handle(Object(Symfony\\Component\\Console\\Input\\ArgvInput), Object(Symfony\\Component\\Console\\Output\\ConsoleOutput))
#38 /Applications/XAMPP/xamppfiles/htdocs/application/wofins/artisan(16): Illuminate\\Foundation\\Application->handleCommand(Object(Symfony\\Component\\Console\\Input\\ArgvInput))
#39 {main}
"} 
[2026-09-06 16:11:49] local.ERROR: SQLSTATE[HY000] [2002] Connection refused (Connection: mysql, Host: 127.0.0.1, Port: 3306, Database: wofins, SQL: select * from `cache` where `key` in (wofins_cache_illuminate:queue:paused:database:default)) {"exception":"[object] (Illuminate\\Database\\QueryException(code: 2002): SQLSTATE[HY000] [2002] Connection refused (Connection: mysql, Host: 127.0.0.1, Port: 3306, Database: wofins, SQL: select * from `cache` where `key` in (wofins_cache_illuminate:queue:paused:database:default)) at /Applications/XAMPP/xamppfiles/htdocs/application/wofins/vendor/laravel/framework/src/Illuminate/Database/Connection.php:857)
[stacktrace]
#0 /Applications/XAMPP/xamppfiles/htdocs/application/wofins/vendor/laravel/framework/src/Illuminate/Database/Connection.php(1037): Illuminate\\Database\\Connection->runQueryCallback('select * from `...', Array, Object(Closure))
#1 /Applications/XAMPP/xamppfiles/htdocs/application/wofins/vendor/laravel/framework/src/Illuminate/Database/Connection.php(1016): Illuminate\\Database\\Connection->tryAgainIfCausedByLostConnection(Object(Illuminate\\Database\\QueryException), 'select * from `...', Array, Object(Closure))
#2 /Applications/XAMPP/xamppfiles/htdocs/application/wofins/vendor/laravel/framework/src/Illuminate/Database/Connection.php(815): Illuminate\\Database\\Connection->handleQueryException(Object(Illuminate\\Database\\QueryException), 'select * from `...', Array, Object(Closure))
#3 /Applications/XAMPP/xamppfiles/htdocs/application/wofins/vendor/laravel/framework/src/Illuminate/Database/Connection.php(426): Illuminate\\Database\\Connection->run('select * from `...', Array, Object(Closure))
#4 /Applications/XAMPP/xamppfiles/htdocs/application/wofins/vendor/laravel/framework/src/Illuminate/Database/Query/Builder.php(3573): Illuminate\\Database\\Connection->select('select * from `...', Array, true, Array)
#5 /Applications/XAMPP/xamppfiles/htdocs/application/wofins/vendor/laravel/framework/src/Illuminate/Database/Query/Builder.php(3557): Illuminate\\Database\\Query\\Builder->runSelect()
#6 /Applications/XAMPP/xamppfiles/htdocs/application/wofins/vendor/laravel/framework/src/Illuminate/Cache/DatabaseStore.php(142): Illuminate\\Database\\Query\\Builder->get()
#7 /Applications/XAMPP/xamppfiles/htdocs/application/wofins/vendor/laravel/framework/src/Illuminate/Cache/Repository.php(167): Illuminate\\Cache\\DatabaseStore->many(Array)
#8 /Applications/XAMPP/xamppfiles/htdocs/application/wofins/vendor/laravel/framework/src/Illuminate/Queue/QueueManager.php(298): Illuminate\\Cache\\Repository->many(Array)
#9 /Applications/XAMPP/xamppfiles/htdocs/application/wofins/vendor/laravel/framework/src/Illuminate/Queue/Worker.php(489): Illuminate\\Queue\\QueueManager->getPausedQueues('database', Array)
#10 /Applications/XAMPP/xamppfiles/htdocs/application/wofins/vendor/laravel/framework/src/Illuminate/Queue/Worker.php(450): Illuminate\\Queue\\Worker->getPausedQueues('database', Array)
#11 /Applications/XAMPP/xamppfiles/htdocs/application/wofins/vendor/laravel/framework/src/Illuminate/Queue/Worker.php(410): Illuminate\\Queue\\Worker->getNextJob(Object(Illuminate\\Queue\\DatabaseQueue), 'default')
#12 /Applications/XAMPP/xamppfiles/htdocs/application/wofins/vendor/laravel/framework/src/Illuminate/Queue/Console/WorkCommand.php(149): Illuminate\\Queue\\Worker->runNextJob('database', 'default', Object(Illuminate\\Queue\\WorkerOptions))
#13 /Applications/XAMPP/xamppfiles/htdocs/application/wofins/vendor/laravel/framework/src/Illuminate/Queue/Console/WorkCommand.php(132): Illuminate\\Queue\\Console\\WorkCommand->runWorker('database', 'default')
#14 /Applications/XAMPP/xamppfiles/htdocs/application/wofins/vendor/laravel/framework/src/Illuminate/Container/BoundMethod.php(36): Illuminate\\Queue\\Console\\WorkCommand->handle()
#15 /Applications/XAMPP/xamppfiles/htdocs/application/wofins/vendor/laravel/framework/src/Illuminate/Container/Util.php(43): Illuminate\\Container\\BoundMethod::{closure:Illuminate\\Container\\BoundMethod::call():35}()
#16 /Applications/XAMPP/xamppfiles/htdocs/application/wofins/vendor/laravel/framework/src/Illuminate/Container/BoundMethod.php(96): Illuminate\\Container\\Util::unwrapIfClosure(Object(Closure))
#17 /Applications/XAMPP/xamppfiles/htdocs/application/wofins/vendor/laravel/framework/src/Illuminate/Container/BoundMethod.php(35): Illuminate\\Container\\BoundMethod::callBoundMethod(Object(Illuminate\\Foundation\\Application), Array, Object(Closure))
#18 /Applications/XAMPP/xamppfiles/htdocs/application/wofins/vendor/laravel/framework/src/Illuminate/Container/Container.php(800): Illuminate\\Container\\BoundMethod::call(Object(Illuminate\\Foundation\\Application), Array, Array, NULL)
#19 /Applications/XAMPP/xamppfiles/htdocs/application/wofins/vendor/laravel/framework/src/Illuminate/Console/Command.php(292): Illuminate\\Container\\Container->call(Array)
#20 /Applications/XAMPP/xamppfiles/htdocs/application/wofins/vendor/symfony/console/Command/Command.php(284): Illuminate\\Console\\Command->execute(Object(Symfony\\Component\\Console\\Input\\ArgvInput), Object(Illuminate\\Console\\OutputStyle))
#21 /Applications/XAMPP/xamppfiles/htdocs/application/wofins/vendor/laravel/framework/src/Illuminate/Console/Command.php(261): Symfony\\Component\\Console\\Command\\Command->run(Object(Symfony\\Component\\Console\\Input\\ArgvInput), Object(Illuminate\\Console\\OutputStyle))
#22 /Applications/XAMPP/xamppfiles/htdocs/application/wofins/vendor/symfony/console/Application.php(1144): Illuminate\\Console\\Command->run(Object(Symfony\\Component\\Console\\Input\\ArgvInput), Object(Symfony\\Component\\Console\\Output\\ConsoleOutput))
#23 /Applications/XAMPP/xamppfiles/htdocs/application/wofins/vendor/symfony/console/Application.php(379): Symfony\\Component\\Console\\Application->doRunCommand(Object(Illuminate\\Queue\\Console\\WorkCommand), Object(Symfony\\Component\\Console\\Input\\ArgvInput), Object(Symfony\\Component\\Console\\Output\\ConsoleOutput))
#24 /Applications/XAMPP/xamppfiles/htdocs/application/wofins/vendor/symfony/console/Application.php(218): Symfony\\Component\\Console\\Application->doRun(Object(Symfony\\Component\\Console\\Input\\ArgvInput), Object(Symfony\\Component\\Console\\Output\\ConsoleOutput))
#25 /Applications/XAMPP/xamppfiles/htdocs/application/wofins/vendor/laravel/framework/src/Illuminate/Foundation/Console/Kernel.php(198): Symfony\\Component\\Console\\Application->run(Object(Symfony\\Component\\Console\\Input\\ArgvInput), Object(Symfony\\Component\\Console\\Output\\ConsoleOutput))
#26 /Applications/XAMPP/xamppfiles/htdocs/application/wofins/vendor/laravel/framework/src/Illuminate/Foundation/Application.php(1242): Illuminate\\Foundation\\Console\\Kernel->handle(Object(Symfony\\Component\\Console\\Input\\ArgvInput), Object(Symfony\\Component\\Console\\Output\\ConsoleOutput))
#27 /Applications/XAMPP/xamppfiles/htdocs/application/wofins/artisan(16): Illuminate\\Foundation\\Application->handleCommand(Object(Symfony\\Component\\Console\\Input\\ArgvInput))
#28 {main}

[previous exception] [object] (PDOException(code: 2002): SQLSTATE[HY000] [2002] Connection refused at /Applications/XAMPP/xamppfiles/htdocs/application/wofins/vendor/laravel/framework/src/Illuminate/Database/Connectors/Connector.php:67)
[stacktrace]
#0 /Applications/XAMPP/xamppfiles/htdocs/application/wofins/vendor/laravel/framework/src/Illuminate/Database/Connectors/Connector.php(67): PDO::connect('mysql:host=127....', 'root', Object(SensitiveParameterValue), Array)
#1 /Applications/XAMPP/xamppfiles/htdocs/application/wofins/vendor/laravel/framework/src/Illuminate/Database/Connectors/Connector.php(85): Illuminate\\Database\\Connectors\\Connector->createPdoConnection('mysql:host=127....', 'root', Object(SensitiveParameterValue), Array)
#2 /Applications/XAMPP/xamppfiles/htdocs/application/wofins/vendor/laravel/framework/src/Illuminate/Database/Connectors/Connector.php(48): Illuminate\\Database\\Connectors\\Connector->tryAgainIfCausedByLostConnection(Object(PDOException), 'mysql:host=127....', 'root', Object(SensitiveParameterValue), Array)
#3 /Applications/XAMPP/xamppfiles/htdocs/application/wofins/vendor/laravel/framework/src/Illuminate/Database/Connectors/MySqlConnector.php(24): Illuminate\\Database\\Connectors\\Connector->createConnection('mysql:host=127....', Array, Array)
#4 /Applications/XAMPP/xamppfiles/htdocs/application/wofins/vendor/laravel/framework/src/Illuminate/Database/Connectors/ConnectionFactory.php(220): Illuminate\\Database\\Connectors\\MySqlConnector->connect(Array)
#5 [internal function]: Illuminate\\Database\\Connectors\\ConnectionFactory->{closure:Illuminate\\Database\\Connectors\\ConnectionFactory::createPdoResolverWithHosts():213}()
#6 /Applications/XAMPP/xamppfiles/htdocs/application/wofins/vendor/laravel/framework/src/Illuminate/Database/Connection.php(1297): call_user_func(Object(Closure))
#7 /Applications/XAMPP/xamppfiles/htdocs/application/wofins/vendor/laravel/framework/src/Illuminate/Database/Connection.php(1335): Illuminate\\Database\\Connection->getPdo()
#8 /Applications/XAMPP/xamppfiles/htdocs/application/wofins/vendor/laravel/framework/src/Illuminate/Database/Connection.php(542): Illuminate\\Database\\Connection->getReadPdo()
#9 /Applications/XAMPP/xamppfiles/htdocs/application/wofins/vendor/laravel/framework/src/Illuminate/Database/Connection.php(435): Illuminate\\Database\\Connection->getPdoForSelect(true)
#10 /Applications/XAMPP/xamppfiles/htdocs/application/wofins/vendor/laravel/framework/src/Illuminate/Database/Connection.php(846): Illuminate\\Database\\Connection->{closure:Illuminate\\Database\\Connection::select():426}('select * from `...', Array)
#11 /Applications/XAMPP/xamppfiles/htdocs/application/wofins/vendor/laravel/framework/src/Illuminate/Database/Connection.php(1037): Illuminate\\Database\\Connection->runQueryCallback('select * from `...', Array, Object(Closure))
#12 /Applications/XAMPP/xamppfiles/htdocs/application/wofins/vendor/laravel/framework/src/Illuminate/Database/Connection.php(1016): Illuminate\\Database\\Connection->tryAgainIfCausedByLostConnection(Object(Illuminate\\Database\\QueryException), 'select * from `...', Array, Object(Closure))
#13 /Applications/XAMPP/xamppfiles/htdocs/application/wofins/vendor/laravel/framework/src/Illuminate/Database/Connection.php(815): Illuminate\\Database\\Connection->handleQueryException(Object(Illuminate\\Database\\QueryException), 'select * from `...', Array, Object(Closure))
#14 /Applications/XAMPP/xamppfiles/htdocs/application/wofins/vendor/laravel/framework/src/Illuminate/Database/Connection.php(426): Illuminate\\Database\\Connection->run('select * from `...', Array, Object(Closure))
#15 /Applications/XAMPP/xamppfiles/htdocs/application/wofins/vendor/laravel/framework/src/Illuminate/Database/Query/Builder.php(3573): Illuminate\\Database\\Connection->select('select * from `...', Array, true, Array)
#16 /Applications/XAMPP/xamppfiles/htdocs/application/wofins/vendor/laravel/framework/src/Illuminate/Database/Query/Builder.php(3557): Illuminate\\Database\\Query\\Builder->runSelect()
#17 /Applications/XAMPP/xamppfiles/htdocs/application/wofins/vendor/laravel/framework/src/Illuminate/Cache/DatabaseStore.php(142): Illuminate\\Database\\Query\\Builder->get()
#18 /Applications/XAMPP/xamppfiles/htdocs/application/wofins/vendor/laravel/framework/src/Illuminate/Cache/Repository.php(167): Illuminate\\Cache\\DatabaseStore->many(Array)
#19 /Applications/XAMPP/xamppfiles/htdocs/application/wofins/vendor/laravel/framework/src/Illuminate/Queue/QueueManager.php(298): Illuminate\\Cache\\Repository->many(Array)
#20 /Applications/XAMPP/xamppfiles/htdocs/application/wofins/vendor/laravel/framework/src/Illuminate/Queue/Worker.php(489): Illuminate\\Queue\\QueueManager->getPausedQueues('database', Array)
#21 /Applications/XAMPP/xamppfiles/htdocs/application/wofins/vendor/laravel/framework/src/Illuminate/Queue/Worker.php(450): Illuminate\\Queue\\Worker->getPausedQueues('database', Array)
#22 /Applications/XAMPP/xamppfiles/htdocs/application/wofins/vendor/laravel/framework/src/Illuminate/Queue/Worker.php(410): Illuminate\\Queue\\Worker->getNextJob(Object(Illuminate\\Queue\\DatabaseQueue), 'default')
#23 /Applications/XAMPP/xamppfiles/htdocs/application/wofins/vendor/laravel/framework/src/Illuminate/Queue/Console/WorkCommand.php(149): Illuminate\\Queue\\Worker->runNextJob('database', 'default', Object(Illuminate\\Queue\\WorkerOptions))
#24 /Applications/XAMPP/xamppfiles/htdocs/application/wofins/vendor/laravel/framework/src/Illuminate/Queue/Console/WorkCommand.php(132): Illuminate\\Queue\\Console\\WorkCommand->runWorker('database', 'default')
#25 /Applications/XAMPP/xamppfiles/htdocs/application/wofins/vendor/laravel/framework/src/Illuminate/Container/BoundMethod.php(36): Illuminate\\Queue\\Console\\WorkCommand->handle()
#26 /Applications/XAMPP/xamppfiles/htdocs/application/wofins/vendor/laravel/framework/src/Illuminate/Container/Util.php(43): Illuminate\\Container\\BoundMethod::{closure:Illuminate\\Container\\BoundMethod::call():35}()
#27 /Applications/XAMPP/xamppfiles/htdocs/application/wofins/vendor/laravel/framework/src/Illuminate/Container/BoundMethod.php(96): Illuminate\\Container\\Util::unwrapIfClosure(Object(Closure))
#28 /Applications/XAMPP/xamppfiles/htdocs/application/wofins/vendor/laravel/framework/src/Illuminate/Container/BoundMethod.php(35): Illuminate\\Container\\BoundMethod::callBoundMethod(Object(Illuminate\\Foundation\\Application), Array, Object(Closure))
#29 /Applications/XAMPP/xamppfiles/htdocs/application/wofins/vendor/laravel/framework/src/Illuminate/Container/Container.php(800): Illuminate\\Container\\BoundMethod::call(Object(Illuminate\\Foundation\\Application), Array, Array, NULL)
#30 /Applications/XAMPP/xamppfiles/htdocs/application/wofins/vendor/laravel/framework/src/Illuminate/Console/Command.php(292): Illuminate\\Container\\Container->call(Array)
#31 /Applications/XAMPP/xamppfiles/htdocs/application/wofins/vendor/symfony/console/Command/Command.php(284): Illuminate\\Console\\Command->execute(Object(Symfony\\Component\\Console\\Input\\ArgvInput), Object(Illuminate\\Console\\OutputStyle))
#32 /Applications/XAMPP/xamppfiles/htdocs/application/wofins/vendor/laravel/framework/src/Illuminate/Console/Command.php(261): Symfony\\Component\\Console\\Command\\Command->run(Object(Symfony\\Component\\Console\\Input\\ArgvInput), Object(Illuminate\\Console\\OutputStyle))
#33 /Applications/XAMPP/xamppfiles/htdocs/application/wofins/vendor/symfony/console/Application.php(1144): Illuminate\\Console\\Command->run(Object(Symfony\\Component\\Console\\Input\\ArgvInput), Object(Symfony\\Component\\Console\\Output\\ConsoleOutput))
#34 /Applications/XAMPP/xamppfiles/htdocs/application/wofins/vendor/symfony/console/Application.php(379): Symfony\\Component\\Console\\Application->doRunCommand(Object(Illuminate\\Queue\\Console\\WorkCommand), Object(Symfony\\Component\\Console\\Input\\ArgvInput), Object(Symfony\\Component\\Console\\Output\\ConsoleOutput))
#35 /Applications/XAMPP/xamppfiles/htdocs/application/wofins/vendor/symfony/console/Application.php(218): Symfony\\Component\\Console\\Application->doRun(Object(Symfony\\Component\\Console\\Input\\ArgvInput), Object(Symfony\\Component\\Console\\Output\\ConsoleOutput))
#36 /Applications/XAMPP/xamppfiles/htdocs/application/wofins/vendor/laravel/framework/src/Illuminate/Foundation/Console/Kernel.php(198): Symfony\\Component\\Console\\Application->run(Object(Symfony\\Component\\Console\\Input\\ArgvInput), Object(Symfony\\Component\\Console\\Output\\ConsoleOutput))
#37 /Applications/XAMPP/xamppfiles/htdocs/application/wofins/vendor/laravel/framework/src/Illuminate/Foundation/Application.php(1242): Illuminate\\Foundation\\Console\\Kernel->handle(Object(Symfony\\Component\\Console\\Input\\ArgvInput), Object(Symfony\\Component\\Console\\Output\\ConsoleOutput))
#38 /Applications/XAMPP/xamppfiles/htdocs/application/wofins/artisan(16): Illuminate\\Foundation\\Application->handleCommand(Object(Symfony\\Component\\Console\\Input\\ArgvInput))
#39 {main}
"} 
[2026-09-06 16:11:53] local.ERROR: SQLSTATE[HY000] [2002] Connection refused (Connection: mysql, Host: 127.0.0.1, Port: 3306, Database: wofins, SQL: select * from `cache` where `key` in (wofins_cache_illuminate:queue:paused:database:default)) {"exception":"[object] (Illuminate\\Database\\QueryException(code: 2002): SQLSTATE[HY000] [2002] Connection refused (Connection: mysql, Host: 127.0.0.1, Port: 3306, Database: wofins, SQL: select * from `cache` where `key` in (wofins_cache_illuminate:queue:paused:database:default)) at /Applications/XAMPP/xamppfiles/htdocs/application/wofins/vendor/laravel/framework/src/Illuminate/Database/Connection.php:857)
[stacktrace]
#0 /Applications/XAMPP/xamppfiles/htdocs/application/wofins/vendor/laravel/framework/src/Illuminate/Database/Connection.php(1037): Illuminate\\Database\\Connection->runQueryCallback('select * from `...', Array, Object(Closure))
#1 /Applications/XAMPP/xamppfiles/htdocs/application/wofins/vendor/laravel/framework/src/Illuminate/Database/Connection.php(1016): Illuminate\\Database\\Connection->tryAgainIfCausedByLostConnection(Object(Illuminate\\Database\\QueryException), 'select * from `...', Array, Object(Closure))
#2 /Applications/XAMPP/xamppfiles/htdocs/application/wofins/vendor/laravel/framework/src/Illuminate/Database/Connection.php(815): Illuminate\\Database\\Connection->handleQueryException(Object(Illuminate\\Database\\QueryException), 'select * from `...', Array, Object(Closure))
#3 /Applications/XAMPP/xamppfiles/htdocs/application/wofins/vendor/laravel/framework/src/Illuminate/Database/Connection.php(426): Illuminate\\Database\\Connection->run('select * from `...', Array, Object(Closure))
#4 /Applications/XAMPP/xamppfiles/htdocs/application/wofins/vendor/laravel/framework/src/Illuminate/Database/Query/Builder.php(3573): Illuminate\\Database\\Connection->select('select * from `...', Array, true, Array)
#5 /Applications/XAMPP/xamppfiles/htdocs/application/wofins/vendor/laravel/framework/src/Illuminate/Database/Query/Builder.php(3557): Illuminate\\Database\\Query\\Builder->runSelect()
#6 /Applications/XAMPP/xamppfiles/htdocs/application/wofins/vendor/laravel/framework/src/Illuminate/Cache/DatabaseStore.php(142): Illuminate\\Database\\Query\\Builder->get()
#7 /Applications/XAMPP/xamppfiles/htdocs/application/wofins/vendor/laravel/framework/src/Illuminate/Cache/Repository.php(167): Illuminate\\Cache\\DatabaseStore->many(Array)
#8 /Applications/XAMPP/xamppfiles/htdocs/application/wofins/vendor/laravel/framework/src/Illuminate/Queue/QueueManager.php(298): Illuminate\\Cache\\Repository->many(Array)
#9 /Applications/XAMPP/xamppfiles/htdocs/application/wofins/vendor/laravel/framework/src/Illuminate/Queue/Worker.php(489): Illuminate\\Queue\\QueueManager->getPausedQueues('database', Array)
#10 /Applications/XAMPP/xamppfiles/htdocs/application/wofins/vendor/laravel/framework/src/Illuminate/Queue/Worker.php(450): Illuminate\\Queue\\Worker->getPausedQueues('database', Array)
#11 /Applications/XAMPP/xamppfiles/htdocs/application/wofins/vendor/laravel/framework/src/Illuminate/Queue/Worker.php(410): Illuminate\\Queue\\Worker->getNextJob(Object(Illuminate\\Queue\\DatabaseQueue), 'default')
#12 /Applications/XAMPP/xamppfiles/htdocs/application/wofins/vendor/laravel/framework/src/Illuminate/Queue/Console/WorkCommand.php(149): Illuminate\\Queue\\Worker->runNextJob('database', 'default', Object(Illuminate\\Queue\\WorkerOptions))
#13 /Applications/XAMPP/xamppfiles/htdocs/application/wofins/vendor/laravel/framework/src/Illuminate/Queue/Console/WorkCommand.php(132): Illuminate\\Queue\\Console\\WorkCommand->runWorker('database', 'default')
#14 /Applications/XAMPP/xamppfiles/htdocs/application/wofins/vendor/laravel/framework/src/Illuminate/Container/BoundMethod.php(36): Illuminate\\Queue\\Console\\WorkCommand->handle()
#15 /Applications/XAMPP/xamppfiles/htdocs/application/wofins/vendor/laravel/framework/src/Illuminate/Container/Util.php(43): Illuminate\\Container\\BoundMethod::{closure:Illuminate\\Container\\BoundMethod::call():35}()
#16 /Applications/XAMPP/xamppfiles/htdocs/application/wofins/vendor/laravel/framework/src/Illuminate/Container/BoundMethod.php(96): Illuminate\\Container\\Util::unwrapIfClosure(Object(Closure))
#17 /Applications/XAMPP/xamppfiles/htdocs/application/wofins/vendor/laravel/framework/src/Illuminate/Container/BoundMethod.php(35): Illuminate\\Container\\BoundMethod::callBoundMethod(Object(Illuminate\\Foundation\\Application), Array, Object(Closure))
#18 /Applications/XAMPP/xamppfiles/htdocs/application/wofins/vendor/laravel/framework/src/Illuminate/Container/Container.php(800): Illuminate\\Container\\BoundMethod::call(Object(Illuminate\\Foundation\\Application), Array, Array, NULL)
#19 /Applications/XAMPP/xamppfiles/htdocs/application/wofins/vendor/laravel/framework/src/Illuminate/Console/Command.php(292): Illuminate\\Container\\Container->call(Array)
#20 /Applications/XAMPP/xamppfiles/htdocs/application/wofins/vendor/symfony/console/Command/Command.php(284): Illuminate\\Console\\Command->execute(Object(Symfony\\Component\\Console\\Input\\ArgvInput), Object(Illuminate\\Console\\OutputStyle))
#21 /Applications/XAMPP/xamppfiles/htdocs/application/wofins/vendor/laravel/framework/src/Illuminate/Console/Command.php(261): Symfony\\Component\\Console\\Command\\Command->run(Object(Symfony\\Component\\Console\\Input\\ArgvInput), Object(Illuminate\\Console\\OutputStyle))
#22 /Applications/XAMPP/xamppfiles/htdocs/application/wofins/vendor/symfony/console/Application.php(1144): Illuminate\\Console\\Command->run(Object(Symfony\\Component\\Console\\Input\\ArgvInput), Object(Symfony\\Component\\Console\\Output\\ConsoleOutput))
#23 /Applications/XAMPP/xamppfiles/htdocs/application/wofins/vendor/symfony/console/Application.php(379): Symfony\\Component\\Console\\Application->doRunCommand(Object(Illuminate\\Queue\\Console\\WorkCommand), Object(Symfony\\Component\\Console\\Input\\ArgvInput), Object(Symfony\\Component\\Console\\Output\\ConsoleOutput))
#24 /Applications/XAMPP/xamppfiles/htdocs/application/wofins/vendor/symfony/console/Application.php(218): Symfony\\Component\\Console\\Application->doRun(Object(Symfony\\Component\\Console\\Input\\ArgvInput), Object(Symfony\\Component\\Console\\Output\\ConsoleOutput))
#25 /Applications/XAMPP/xamppfiles/htdocs/application/wofins/vendor/laravel/framework/src/Illuminate/Foundation/Console/Kernel.php(198): Symfony\\Component\\Console\\Application->run(Object(Symfony\\Component\\Console\\Input\\ArgvInput), Object(Symfony\\Component\\Console\\Output\\ConsoleOutput))
#26 /Applications/XAMPP/xamppfiles/htdocs/application/wofins/vendor/laravel/framework/src/Illuminate/Foundation/Application.php(1242): Illuminate\\Foundation\\Console\\Kernel->handle(Object(Symfony\\Component\\Console\\Input\\ArgvInput), Object(Symfony\\Component\\Console\\Output\\ConsoleOutput))
#27 /Applications/XAMPP/xamppfiles/htdocs/application/wofins/artisan(16): Illuminate\\Foundation\\Application->handleCommand(Object(Symfony\\Component\\Console\\Input\\ArgvInput))
#28 {main}

[previous exception] [object] (PDOException(code: 2002): SQLSTATE[HY000] [2002] Connection refused at /Applications/XAMPP/xamppfiles/htdocs/application/wofins/vendor/laravel/framework/src/Illuminate/Database/Connectors/Connector.php:67)
[stacktrace]
#0 /Applications/XAMPP/xamppfiles/htdocs/application/wofins/vendor/laravel/framework/src/Illuminate/Database/Connectors/Connector.php(67): PDO::connect('mysql:host=127....', 'root', Object(SensitiveParameterValue), Array)
#1 /Applications/XAMPP/xamppfiles/htdocs/application/wofins/vendor/laravel/framework/src/Illuminate/Database/Connectors/Connector.php(85): Illuminate\\Database\\Connectors\\Connector->createPdoConnection('mysql:host=127....', 'root', Object(SensitiveParameterValue), Array)
#2 /Applications/XAMPP/xamppfiles/htdocs/application/wofins/vendor/laravel/framework/src/Illuminate/Database/Connectors/Connector.php(48): Illuminate\\Database\\Connectors\\Connector->tryAgainIfCausedByLostConnection(Object(PDOException), 'mysql:host=127....', 'root', Object(SensitiveParameterValue), Array)
#3 /Applications/XAMPP/xamppfiles/htdocs/application/wofins/vendor/laravel/framework/src/Illuminate/Database/Connectors/MySqlConnector.php(24): Illuminate\\Database\\Connectors\\Connector->createConnection('mysql:host=127....', Array, Array)
#4 /Applications/XAMPP/xamppfiles/htdocs/application/wofins/vendor/laravel/framework/src/Illuminate/Database/Connectors/ConnectionFactory.php(220): Illuminate\\Database\\Connectors\\MySqlConnector->connect(Array)
#5 [internal function]: Illuminate\\Database\\Connectors\\ConnectionFactory->{closure:Illuminate\\Database\\Connectors\\ConnectionFactory::createPdoResolverWithHosts():213}()
#6 /Applications/XAMPP/xamppfiles/htdocs/application/wofins/vendor/laravel/framework/src/Illuminate/Database/Connection.php(1297): call_user_func(Object(Closure))
#7 /Applications/XAMPP/xamppfiles/htdocs/application/wofins/vendor/laravel/framework/src/Illuminate/Database/Connection.php(1335): Illuminate\\Database\\Connection->getPdo()
#8 /Applications/XAMPP/xamppfiles/htdocs/application/wofins/vendor/laravel/framework/src/Illuminate/Database/Connection.php(542): Illuminate\\Database\\Connection->getReadPdo()
#9 /Applications/XAMPP/xamppfiles/htdocs/application/wofins/vendor/laravel/framework/src/Illuminate/Database/Connection.php(435): Illuminate\\Database\\Connection->getPdoForSelect(true)
#10 /Applications/XAMPP/xamppfiles/htdocs/application/wofins/vendor/laravel/framework/src/Illuminate/Database/Connection.php(846): Illuminate\\Database\\Connection->{closure:Illuminate\\Database\\Connection::select():426}('select * from `...', Array)
#11 /Applications/XAMPP/xamppfiles/htdocs/application/wofins/vendor/laravel/framework/src/Illuminate/Database/Connection.php(1037): Illuminate\\Database\\Connection->runQueryCallback('select * from `...', Array, Object(Closure))
#12 /Applications/XAMPP/xamppfiles/htdocs/application/wofins/vendor/laravel/framework/src/Illuminate/Database/Connection.php(1016): Illuminate\\Database\\Connection->tryAgainIfCausedByLostConnection(Object(Illuminate\\Database\\QueryException), 'select * from `...', Array, Object(Closure))
#13 /Applications/XAMPP/xamppfiles/htdocs/application/wofins/vendor/laravel/framework/src/Illuminate/Database/Connection.php(815): Illuminate\\Database\\Connection->handleQueryException(Object(Illuminate\\Database\\QueryException), 'select * from `...', Array, Object(Closure))
#14 /Applications/XAMPP/xamppfiles/htdocs/application/wofins/vendor/laravel/framework/src/Illuminate/Database/Connection.php(426): Illuminate\\Database\\Connection->run('select * from `...', Array, Object(Closure))
#15 /Applications/XAMPP/xamppfiles/htdocs/application/wofins/vendor/laravel/framework/src/Illuminate/Database/Query/Builder.php(3573): Illuminate\\Database\\Connection->select('select * from `...', Array, true, Array)
#16 /Applications/XAMPP/xamppfiles/htdocs/application/wofins/vendor/laravel/framework/src/Illuminate/Database/Query/Builder.php(3557): Illuminate\\Database\\Query\\Builder->runSelect()
#17 /Applications/XAMPP/xamppfiles/htdocs/application/wofins/vendor/laravel/framework/src/Illuminate/Cache/DatabaseStore.php(142): Illuminate\\Database\\Query\\Builder->get()
#18 /Applications/XAMPP/xamppfiles/htdocs/application/wofins/vendor/laravel/framework/src/Illuminate/Cache/Repository.php(167): Illuminate\\Cache\\DatabaseStore->many(Array)
#19 /Applications/XAMPP/xamppfiles/htdocs/application/wofins/vendor/laravel/framework/src/Illuminate/Queue/QueueManager.php(298): Illuminate\\Cache\\Repository->many(Array)
#20 /Applications/XAMPP/xamppfiles/htdocs/application/wofins/vendor/laravel/framework/src/Illuminate/Queue/Worker.php(489): Illuminate\\Queue\\QueueManager->getPausedQueues('database', Array)
#21 /Applications/XAMPP/xamppfiles/htdocs/application/wofins/vendor/laravel/framework/src/Illuminate/Queue/Worker.php(450): Illuminate\\Queue\\Worker->getPausedQueues('database', Array)
#22 /Applications/XAMPP/xamppfiles/htdocs/application/wofins/vendor/laravel/framework/src/Illuminate/Queue/Worker.php(410): Illuminate\\Queue\\Worker->getNextJob(Object(Illuminate\\Queue\\DatabaseQueue), 'default')
#23 /Applications/XAMPP/xamppfiles/htdocs/application/wofins/vendor/laravel/framework/src/Illuminate/Queue/Console/WorkCommand.php(149): Illuminate\\Queue\\Worker->runNextJob('database', 'default', Object(Illuminate\\Queue\\WorkerOptions))
#24 /Applications/XAMPP/xamppfiles/htdocs/application/wofins/vendor/laravel/framework/src/Illuminate/Queue/Console/WorkCommand.php(132): Illuminate\\Queue\\Console\\WorkCommand->runWorker('database', 'default')
#25 /Applications/XAMPP/xamppfiles/htdocs/application/wofins/vendor/laravel/framework/src/Illuminate/Container/BoundMethod.php(36): Illuminate\\Queue\\Console\\WorkCommand->handle()
#26 /Applications/XAMPP/xamppfiles/htdocs/application/wofins/vendor/laravel/framework/src/Illuminate/Container/Util.php(43): Illuminate\\Container\\BoundMethod::{closure:Illuminate\\Container\\BoundMethod::call():35}()
#27 /Applications/XAMPP/xamppfiles/htdocs/application/wofins/vendor/laravel/framework/src/Illuminate/Container/BoundMethod.php(96): Illuminate\\Container\\Util::unwrapIfClosure(Object(Closure))
#28 /Applications/XAMPP/xamppfiles/htdocs/application/wofins/vendor/laravel/framework/src/Illuminate/Container/BoundMethod.php(35): Illuminate\\Container\\BoundMethod::callBoundMethod(Object(Illuminate\\Foundation\\Application), Array, Object(Closure))
#29 /Applications/XAMPP/xamppfiles/htdocs/application/wofins/vendor/laravel/framework/src/Illuminate/Container/Container.php(800): Illuminate\\Container\\BoundMethod::call(Object(Illuminate\\Foundation\\Application), Array, Array, NULL)
#30 /Applications/XAMPP/xamppfiles/htdocs/application/wofins/vendor/laravel/framework/src/Illuminate/Console/Command.php(292): Illuminate\\Container\\Container->call(Array)
#31 /Applications/XAMPP/xamppfiles/htdocs/application/wofins/vendor/symfony/console/Command/Command.php(284): Illuminate\\Console\\Command->execute(Object(Symfony\\Component\\Console\\Input\\ArgvInput), Object(Illuminate\\Console\\OutputStyle))
#32 /Applications/XAMPP/xamppfiles/htdocs/application/wofins/vendor/laravel/framework/src/Illuminate/Console/Command.php(261): Symfony\\Component\\Console\\Command\\Command->run(Object(Symfony\\Component\\Console\\Input\\ArgvInput), Object(Illuminate\\Console\\OutputStyle))
#33 /Applications/XAMPP/xamppfiles/htdocs/application/wofins/vendor/symfony/console/Application.php(1144): Illuminate\\Console\\Command->run(Object(Symfony\\Component\\Console\\Input\\ArgvInput), Object(Symfony\\Component\\Console\\Output\\ConsoleOutput))
#34 /Applications/XAMPP/xamppfiles/htdocs/application/wofins/vendor/symfony/console/Application.php(379): Symfony\\Component\\Console\\Application->doRunCommand(Object(Illuminate\\Queue\\Console\\WorkCommand), Object(Symfony\\Component\\Console\\Input\\ArgvInput), Object(Symfony\\Component\\Console\\Output\\ConsoleOutput))
#35 /Applications/XAMPP/xamppfiles/htdocs/application/wofins/vendor/symfony/console/Application.php(218): Symfony\\Component\\Console\\Application->doRun(Object(Symfony\\Component\\Console\\Input\\ArgvInput), Object(Symfony\\Component\\Console\\Output\\ConsoleOutput))
#36 /Applications/XAMPP/xamppfiles/htdocs/application/wofins/vendor/laravel/framework/src/Illuminate/Foundation/Console/Kernel.php(198): Symfony\\Component\\Console\\Application->run(Object(Symfony\\Component\\Console\\Input\\ArgvInput), Object(Symfony\\Component\\Console\\Output\\ConsoleOutput))
#37 /Applications/XAMPP/xamppfiles/htdocs/application/wofins/vendor/laravel/framework/src/Illuminate/Foundation/Application.php(1242): Illuminate\\Foundation\\Console\\Kernel->handle(Object(Symfony\\Component\\Console\\Input\\ArgvInput), Object(Symfony\\Component\\Console\\Output\\ConsoleOutput))
#38 /Applications/XAMPP/xamppfiles/htdocs/application/wofins/artisan(16): Illuminate\\Foundation\\Application->handleCommand(Object(Symfony\\Component\\Console\\Input\\ArgvInput))
#39 {main}
"} 
[2026-09-06 16:11:58] local.ERROR: SQLSTATE[HY000] [2002] Connection refused (Connection: mysql, Host: 127.0.0.1, Port: 3306, Database: wofins, SQL: select * from `cache` where `key` in (wofins_cache_illuminate:queue:paused:database:default)) {"exception":"[object] (Illuminate\\Database\\QueryException(code: 2002): SQLSTATE[HY000] [2002] Connection refused (Connection: mysql, Host: 127.0.0.1, Port: 3306, Database: wofins, SQL: select * from `cache` where `key` in (wofins_cache_illuminate:queue:paused:database:default)) at /Applications/XAMPP/xamppfiles/htdocs/application/wofins/vendor/laravel/framework/src/Illuminate/Database/Connection.php:857)
[stacktrace]
#0 /Applications/XAMPP/xamppfiles/htdocs/application/wofins/vendor/laravel/framework/src/Illuminate/Database/Connection.php(1037): Illuminate\\Database\\Connection->runQueryCallback('select * from `...', Array, Object(Closure))
#1 /Applications/XAMPP/xamppfiles/htdocs/application/wofins/vendor/laravel/framework/src/Illuminate/Database/Connection.php(1016): Illuminate\\Database\\Connection->tryAgainIfCausedByLostConnection(Object(Illuminate\\Database\\QueryException), 'select * from `...', Array, Object(Closure))
#2 /Applications/XAMPP/xamppfiles/htdocs/application/wofins/vendor/laravel/framework/src/Illuminate/Database/Connection.php(815): Illuminate\\Database\\Connection->handleQueryException(Object(Illuminate\\Database\\QueryException), 'select * from `...', Array, Object(Closure))
#3 /Applications/XAMPP/xamppfiles/htdocs/application/wofins/vendor/laravel/framework/src/Illuminate/Database/Connection.php(426): Illuminate\\Database\\Connection->run('select * from `...', Array, Object(Closure))
#4 /Applications/XAMPP/xamppfiles/htdocs/application/wofins/vendor/laravel/framework/src/Illuminate/Database/Query/Builder.php(3573): Illuminate\\Database\\Connection->select('select * from `...', Array, true, Array)
#5 /Applications/XAMPP/xamppfiles/htdocs/application/wofins/vendor/laravel/framework/src/Illuminate/Database/Query/Builder.php(3557): Illuminate\\Database\\Query\\Builder->runSelect()
#6 /Applications/XAMPP/xamppfiles/htdocs/application/wofins/vendor/laravel/framework/src/Illuminate/Cache/DatabaseStore.php(142): Illuminate\\Database\\Query\\Builder->get()
#7 /Applications/XAMPP/xamppfiles/htdocs/application/wofins/vendor/laravel/framework/src/Illuminate/Cache/Repository.php(167): Illuminate\\Cache\\DatabaseStore->many(Array)
#8 /Applications/XAMPP/xamppfiles/htdocs/application/wofins/vendor/laravel/framework/src/Illuminate/Queue/QueueManager.php(298): Illuminate\\Cache\\Repository->many(Array)
#9 /Applications/XAMPP/xamppfiles/htdocs/application/wofins/vendor/laravel/framework/src/Illuminate/Queue/Worker.php(489): Illuminate\\Queue\\QueueManager->getPausedQueues('database', Array)
#10 /Applications/XAMPP/xamppfiles/htdocs/application/wofins/vendor/laravel/framework/src/Illuminate/Queue/Worker.php(450): Illuminate\\Queue\\Worker->getPausedQueues('database', Array)
#11 /Applications/XAMPP/xamppfiles/htdocs/application/wofins/vendor/laravel/framework/src/Illuminate/Queue/Worker.php(410): Illuminate\\Queue\\Worker->getNextJob(Object(Illuminate\\Queue\\DatabaseQueue), 'default')
#12 /Applications/XAMPP/xamppfiles/htdocs/application/wofins/vendor/laravel/framework/src/Illuminate/Queue/Console/WorkCommand.php(149): Illuminate\\Queue\\Worker->runNextJob('database', 'default', Object(Illuminate\\Queue\\WorkerOptions))
#13 /Applications/XAMPP/xamppfiles/htdocs/application/wofins/vendor/laravel/framework/src/Illuminate/Queue/Console/WorkCommand.php(132): Illuminate\\Queue\\Console\\WorkCommand->runWorker('database', 'default')
#14 /Applications/XAMPP/xamppfiles/htdocs/application/wofins/vendor/laravel/framework/src/Illuminate/Container/BoundMethod.php(36): Illuminate\\Queue\\Console\\WorkCommand->handle()
#15 /Applications/XAMPP/xamppfiles/htdocs/application/wofins/vendor/laravel/framework/src/Illuminate/Container/Util.php(43): Illuminate\\Container\\BoundMethod::{closure:Illuminate\\Container\\BoundMethod::call():35}()
#16 /Applications/XAMPP/xamppfiles/htdocs/application/wofins/vendor/laravel/framework/src/Illuminate/Container/BoundMethod.php(96): Illuminate\\Container\\Util::unwrapIfClosure(Object(Closure))
#17 /Applications/XAMPP/xamppfiles/htdocs/application/wofins/vendor/laravel/framework/src/Illuminate/Container/BoundMethod.php(35): Illuminate\\Container\\BoundMethod::callBoundMethod(Object(Illuminate\\Foundation\\Application), Array, Object(Closure))
#18 /Applications/XAMPP/xamppfiles/htdocs/application/wofins/vendor/laravel/framework/src/Illuminate/Container/Container.php(800): Illuminate\\Container\\BoundMethod::call(Object(Illuminate\\Foundation\\Application), Array, Array, NULL)
#19 /Applications/XAMPP/xamppfiles/htdocs/application/wofins/vendor/laravel/framework/src/Illuminate/Console/Command.php(292): Illuminate\\Container\\Container->call(Array)
#20 /Applications/XAMPP/xamppfiles/htdocs/application/wofins/vendor/symfony/console/Command/Command.php(284): Illuminate\\Console\\Command->execute(Object(Symfony\\Component\\Console\\Input\\ArgvInput), Object(Illuminate\\Console\\OutputStyle))
#21 /Applications/XAMPP/xamppfiles/htdocs/application/wofins/vendor/laravel/framework/src/Illuminate/Console/Command.php(261): Symfony\\Component\\Console\\Command\\Command->run(Object(Symfony\\Component\\Console\\Input\\ArgvInput), Object(Illuminate\\Console\\OutputStyle))
#22 /Applications/XAMPP/xamppfiles/htdocs/application/wofins/vendor/symfony/console/Application.php(1144): Illuminate\\Console\\Command->run(Object(Symfony\\Component\\Console\\Input\\ArgvInput), Object(Symfony\\Component\\Console\\Output\\ConsoleOutput))
#23 /Applications/XAMPP/xamppfiles/htdocs/application/wofins/vendor/symfony/console/Application.php(379): Symfony\\Component\\Console\\Application->doRunCommand(Object(Illuminate\\Queue\\Console\\WorkCommand), Object(Symfony\\Component\\Console\\Input\\ArgvInput), Object(Symfony\\Component\\Console\\Output\\ConsoleOutput))
#24 /Applications/XAMPP/xamppfiles/htdocs/application/wofins/vendor/symfony/console/Application.php(218): Symfony\\Component\\Console\\Application->doRun(Object(Symfony\\Component\\Console\\Input\\ArgvInput), Object(Symfony\\Component\\Console\\Output\\ConsoleOutput))
#25 /Applications/XAMPP/xamppfiles/htdocs/application/wofins/vendor/laravel/framework/src/Illuminate/Foundation/Console/Kernel.php(198): Symfony\\Component\\Console\\Application->run(Object(Symfony\\Component\\Console\\Input\\ArgvInput), Object(Symfony\\Component\\Console\\Output\\ConsoleOutput))
#26 /Applications/XAMPP/xamppfiles/htdocs/application/wofins/vendor/laravel/framework/src/Illuminate/Foundation/Application.php(1242): Illuminate\\Foundation\\Console\\Kernel->handle(Object(Symfony\\Component\\Console\\Input\\ArgvInput), Object(Symfony\\Component\\Console\\Output\\ConsoleOutput))
#27 /Applications/XAMPP/xamppfiles/htdocs/application/wofins/artisan(16): Illuminate\\Foundation\\Application->handleCommand(Object(Symfony\\Component\\Console\\Input\\ArgvInput))
#28 {main}

[previous exception] [object] (PDOException(code: 2002): SQLSTATE[HY000] [2002] Connection refused at /Applications/XAMPP/xamppfiles/htdocs/application/wofins/vendor/laravel/framework/src/Illuminate/Database/Connectors/Connector.php:67)
[stacktrace]
#0 /Applications/XAMPP/xamppfiles/htdocs/application/wofins/vendor/laravel/framework/src/Illuminate/Database/Connectors/Connector.php(67): PDO::connect('mysql:host=127....', 'root', Object(SensitiveParameterValue), Array)
#1 /Applications/XAMPP/xamppfiles/htdocs/application/wofins/vendor/laravel/framework/src/Illuminate/Database/Connectors/Connector.php(85): Illuminate\\Database\\Connectors\\Connector->createPdoConnection('mysql:host=127....', 'root', Object(SensitiveParameterValue), Array)
#2 /Applications/XAMPP/xamppfiles/htdocs/application/wofins/vendor/laravel/framework/src/Illuminate/Database/Connectors/Connector.php(48): Illuminate\\Database\\Connectors\\Connector->tryAgainIfCausedByLostConnection(Object(PDOException), 'mysql:host=127....', 'root', Object(SensitiveParameterValue), Array)
#3 /Applications/XAMPP/xamppfiles/htdocs/application/wofins/vendor/laravel/framework/src/Illuminate/Database/Connectors/MySqlConnector.php(24): Illuminate\\Database\\Connectors\\Connector->createConnection('mysql:host=127....', Array, Array)
#4 /Applications/XAMPP/xamppfiles/htdocs/application/wofins/vendor/laravel/framework/src/Illuminate/Database/Connectors/ConnectionFactory.php(220): Illuminate\\Database\\Connectors\\MySqlConnector->connect(Array)
#5 [internal function]: Illuminate\\Database\\Connectors\\ConnectionFactory->{closure:Illuminate\\Database\\Connectors\\ConnectionFactory::createPdoResolverWithHosts():213}()
#6 /Applications/XAMPP/xamppfiles/htdocs/application/wofins/vendor/laravel/framework/src/Illuminate/Database/Connection.php(1297): call_user_func(Object(Closure))
#7 /Applications/XAMPP/xamppfiles/htdocs/application/wofins/vendor/laravel/framework/src/Illuminate/Database/Connection.php(1335): Illuminate\\Database\\Connection->getPdo()
#8 /Applications/XAMPP/xamppfiles/htdocs/application/wofins/vendor/laravel/framework/src/Illuminate/Database/Connection.php(542): Illuminate\\Database\\Connection->getReadPdo()
#9 /Applications/XAMPP/xamppfiles/htdocs/application/wofins/vendor/laravel/framework/src/Illuminate/Database/Connection.php(435): Illuminate\\Database\\Connection->getPdoForSelect(true)
#10 /Applications/XAMPP/xamppfiles/htdocs/application/wofins/vendor/laravel/framework/src/Illuminate/Database/Connection.php(846): Illuminate\\Database\\Connection->{closure:Illuminate\\Database\\Connection::select():426}('select * from `...', Array)
#11 /Applications/XAMPP/xamppfiles/htdocs/application/wofins/vendor/laravel/framework/src/Illuminate/Database/Connection.php(1037): Illuminate\\Database\\Connection->runQueryCallback('select * from `...', Array, Object(Closure))
#12 /Applications/XAMPP/xamppfiles/htdocs/application/wofins/vendor/laravel/framework/src/Illuminate/Database/Connection.php(1016): Illuminate\\Database\\Connection->tryAgainIfCausedByLostConnection(Object(Illuminate\\Database\\QueryException), 'select * from `...', Array, Object(Closure))
#13 /Applications/XAMPP/xamppfiles/htdocs/application/wofins/vendor/laravel/framework/src/Illuminate/Database/Connection.php(815): Illuminate\\Database\\Connection->handleQueryException(Object(Illuminate\\Database\\QueryException), 'select * from `...', Array, Object(Closure))
#14 /Applications/XAMPP/xamppfiles/htdocs/application/wofins/vendor/laravel/framework/src/Illuminate/Database/Connection.php(426): Illuminate\\Database\\Connection->run('select * from `...', Array, Object(Closure))
#15 /Applications/XAMPP/xamppfiles/htdocs/application/wofins/vendor/laravel/framework/src/Illuminate/Database/Query/Builder.php(3573): Illuminate\\Database\\Connection->select('select * from `...', Array, true, Array)
#16 /Applications/XAMPP/xamppfiles/htdocs/application/wofins/vendor/laravel/framework/src/Illuminate/Database/Query/Builder.php(3557): Illuminate\\Database\\Query\\Builder->runSelect()
#17 /Applications/XAMPP/xamppfiles/htdocs/application/wofins/vendor/laravel/framework/src/Illuminate/Cache/DatabaseStore.php(142): Illuminate\\Database\\Query\\Builder->get()
#18 /Applications/XAMPP/xamppfiles/htdocs/application/wofins/vendor/laravel/framework/src/Illuminate/Cache/Repository.php(167): Illuminate\\Cache\\DatabaseStore->many(Array)
#19 /Applications/XAMPP/xamppfiles/htdocs/application/wofins/vendor/laravel/framework/src/Illuminate/Queue/QueueManager.php(298): Illuminate\\Cache\\Repository->many(Array)
#20 /Applications/XAMPP/xamppfiles/htdocs/application/wofins/vendor/laravel/framework/src/Illuminate/Queue/Worker.php(489): Illuminate\\Queue\\QueueManager->getPausedQueues('database', Array)
#21 /Applications/XAMPP/xamppfiles/htdocs/application/wofins/vendor/laravel/framework/src/Illuminate/Queue/Worker.php(450): Illuminate\\Queue\\Worker->getPausedQueues('database', Array)
#22 /Applications/XAMPP/xamppfiles/htdocs/application/wofins/vendor/laravel/framework/src/Illuminate/Queue/Worker.php(410): Illuminate\\Queue\\Worker->getNextJob(Object(Illuminate\\Queue\\DatabaseQueue), 'default')
#23 /Applications/XAMPP/xamppfiles/htdocs/application/wofins/vendor/laravel/framework/src/Illuminate/Queue/Console/WorkCommand.php(149): Illuminate\\Queue\\Worker->runNextJob('database', 'default', Object(Illuminate\\Queue\\WorkerOptions))
#24 /Applications/XAMPP/xamppfiles/htdocs/application/wofins/vendor/laravel/framework/src/Illuminate/Queue/Console/WorkCommand.php(132): Illuminate\\Queue\\Console\\WorkCommand->runWorker('database', 'default')
#25 /Applications/XAMPP/xamppfiles/htdocs/application/wofins/vendor/laravel/framework/src/Illuminate/Container/BoundMethod.php(36): Illuminate\\Queue\\Console\\WorkCommand->handle()
#26 /Applications/XAMPP/xamppfiles/htdocs/application/wofins/vendor/laravel/framework/src/Illuminate/Container/Util.php(43): Illuminate\\Container\\BoundMethod::{closure:Illuminate\\Container\\BoundMethod::call():35}()
#27 /Applications/XAMPP/xamppfiles/htdocs/application/wofins/vendor/laravel/framework/src/Illuminate/Container/BoundMethod.php(96): Illuminate\\Container\\Util::unwrapIfClosure(Object(Closure))
#28 /Applications/XAMPP/xamppfiles/htdocs/application/wofins/vendor/laravel/framework/src/Illuminate/Container/BoundMethod.php(35): Illuminate\\Container\\BoundMethod::callBoundMethod(Object(Illuminate\\Foundation\\Application), Array, Object(Closure))
#29 /Applications/XAMPP/xamppfiles/htdocs/application/wofins/vendor/laravel/framework/src/Illuminate/Container/Container.php(800): Illuminate\\Container\\BoundMethod::call(Object(Illuminate\\Foundation\\Application), Array, Array, NULL)
#30 /Applications/XAMPP/xamppfiles/htdocs/application/wofins/vendor/laravel/framework/src/Illuminate/Console/Command.php(292): Illuminate\\Container\\Container->call(Array)
#31 /Applications/XAMPP/xamppfiles/htdocs/application/wofins/vendor/symfony/console/Command/Command.php(284): Illuminate\\Console\\Command->execute(Object(Symfony\\Component\\Console\\Input\\ArgvInput), Object(Illuminate\\Console\\OutputStyle))
#32 /Applications/XAMPP/xamppfiles/htdocs/application/wofins/vendor/laravel/framework/src/Illuminate/Console/Command.php(261): Symfony\\Component\\Console\\Command\\Command->run(Object(Symfony\\Component\\Console\\Input\\ArgvInput), Object(Illuminate\\Console\\OutputStyle))
#33 /Applications/XAMPP/xamppfiles/htdocs/application/wofins/vendor/symfony/console/Application.php(1144): Illuminate\\Console\\Command->run(Object(Symfony\\Component\\Console\\Input\\ArgvInput), Object(Symfony\\Component\\Console\\Output\\ConsoleOutput))
#34 /Applications/XAMPP/xamppfiles/htdocs/application/wofins/vendor/symfony/console/Application.php(379): Symfony\\Component\\Console\\Application->doRunCommand(Object(Illuminate\\Queue\\Console\\WorkCommand), Object(Symfony\\Component\\Console\\Input\\ArgvInput), Object(Symfony\\Component\\Console\\Output\\ConsoleOutput))
#35 /Applications/XAMPP/xamppfiles/htdocs/application/wofins/vendor/symfony/console/Application.php(218): Symfony\\Component\\Console\\Application->doRun(Object(Symfony\\Component\\Console\\Input\\ArgvInput), Object(Symfony\\Component\\Console\\Output\\ConsoleOutput))
#36 /Applications/XAMPP/xamppfiles/htdocs/application/wofins/vendor/laravel/framework/src/Illuminate/Foundation/Console/Kernel.php(198): Symfony\\Component\\Console\\Application->run(Object(Symfony\\Component\\Console\\Input\\ArgvInput), Object(Symfony\\Component\\Console\\Output\\ConsoleOutput))
#37 /Applications/XAMPP/xamppfiles/htdocs/application/wofins/vendor/laravel/framework/src/Illuminate/Foundation/Application.php(1242): Illuminate\\Foundation\\Console\\Kernel->handle(Object(Symfony\\Component\\Console\\Input\\ArgvInput), Object(Symfony\\Component\\Console\\Output\\ConsoleOutput))
#38 /Applications/XAMPP/xamppfiles/htdocs/application/wofins/artisan(16): Illuminate\\Foundation\\Application->handleCommand(Object(Symfony\\Component\\Console\\Input\\ArgvInput))
#39 {main}
"} 
